Workbook

Sheet Sheet1
C1: DATE | D1: DATE | E1: 46268 | F1: SAMAL
A2: NO. | B2: BOOTH CODE | C2: ADDRESS | D2: OUTLETS | E2: TELLER | F2: TOTAL BETS | G2: PAY OUT | H2: COMMISSION | I2: PALAWAN | J2: SALARY
A3: 1 | B3: =SUBSTITUTE(TRIM(LEFT(D3,FIND("-",D3&"-")-1))," ","-") -> DDN-1281 | C3: =TRIM(MID(D3,FIND("-",D3)+1,LEN(D3))) -> P1 TORIL,BABAK DISTRICT,SAMAL | D3: DDN 1281-P1 TORIL,BABAK DISTRICT,SAMAL | E3: GINAROSE CAGAS | F3: =IFERROR(VLOOKUP($B3,'EOD - SEPTEMBER 3, 2026'!$B$2:$G$1004,3,FALSE()),0) -> 8909 | G3: =IFERROR(VLOOKUP($B3,'EOD - SEPTEMBER 3, 2026'!$B:$G,6,FALSE()),0) -> 7200 | H3: =F3*0.125 -> 1113.625 | I3: =F3-G3-H3 -> 595.375 | J3: =IF((AND(F3>=100,F3<5000)),$J$48,IF((AND(F3>=5000,F3<6000)),$J$49,IF((AND(F3>=6000,F3<7000)),$J$50,IF((AND(F3>=7000,F3<8000)),$J$51,IF((AND(F3>=8000,F3<9000)),$J$52,IF((AND(F3>=9000,F3<10000)),$J$53,IF((AND(F3>=10000,F3<11000)),$J$54,IF((AND(F3>=11000,F3<12000)),$J$55,IF((AND(F3>=12000,F3<13000)),$J$56,IF((AND(F3>=13000,F3<14000)),$J$57,IF((AND(F3>=14000,F3<15000)),$J$58,IF((AND(F3>=15000,F3<16000)),$J$59,IF((AND(F3>=16000,F3<17000)),$J$60,IF((AND(F3>=17000,F3<18000)),$J$61,IF((AND(F3>=18000,F3<19000)),$J$62,IF((AND(F3>=19000,F3<20000)),$J$63,IF((AND(F3>=20000,F3<21000)),$J$64,IF((AND(F3>=21000,F3<22000)),$J$65,IF((AND(F3>=22000,F3<23000)),$J$66,IF((AND(F3>=23000,F3<24000)),$J$67,IF((AND(F3>=24000,F3<25000)),$J$68,IF((AND(F3>=25000,F3<26000)),$J$69,IF((AND(F3>=26000,F3<27000)),$J$70,IF((AND(F3>=27000,F3<28000)),$J$71,IF((AND(F3>=28000,F3<29000)),$J$72,IF((AND(F3>=29000,F3<30000)),$J$73,IF((AND(F3>=30000,F3<31000)),$J$74,IF((AND(F3>=31000,F3<32000)),$J$75,IF((AND(F3>=32000,F3<33000)),$J$76,IF((AND(F3>=33000,F3<34000)),$J$77,IF((AND(F3>=34000,F3<35000)),$J$78,IF((AND(F3>=35000,F3<36000)),$J$79,IF((AND(F3>=36000,F3<37000)),$J$80,IF((AND(F3>=37000,F3<38000)),$J$81,IF((AND(F3>=38000,F3<39000)),$J$82,IF((AND(F3>=39000,F3<40000)),$J$83,IF((AND(F3>=40000,F3<41000)),$J$84,IF((AND(F3>=41000,F3<42000)),$J$85,IF((AND(F3>=42000,F3<43000)),$J$86,IF((AND(F3>=43000,F3<44000)),$J$87,IF((AND(F3>=44000,F3<45000)),$J$88,IF((AND(F3>=45000,F3<46000)),$J$89,IF((AND(F3>=46000,F3<47000)),$J$90,IF((AND(F3>=47000,F3<48000)),$J$91,IF((AND(F3>=48000,F3<49000)),$J$92,IF((AND(F3>=49000,F3<50000)),$J$93,IF((AND(F3>=50000,F3<51000)),$J$94,IF((AND(F3>=51000,F3<52000)),$J$95,IF((AND(F3>=52000,F3<53000)),$J$96,IF((AND(F3>=53000,F3<54000)),$J$97,IF((AND(F3>=54000,F3<55000)),$J$98,IF((AND(F3>=55000,F3<56000)),$J$99,IF((AND(F3>=56000,F3<57000)),$J$100,IF((AND(F3>=57000,F3<58000)),$J$101,IF((AND(F3>=58000,F3<59000)),$J$102,IF((AND(F3>=59000,F3<60000)),$J$103,IF((AND(F3>=60000,F3<61000)),$J$104,"0"))))))))))))))))))))))))))))))))))))))))))))))))))))))))) -> 330
A4: 2 | B4: =SUBSTITUTE(TRIM(LEFT(D4,FIND("-",D4&"-")-1))," ","-") -> DDN-1284 | C4: =TRIM(MID(D4,FIND("-",D4)+1,LEN(D4))) -> ZONE,7,VILLARICA,BABAK | D4: DDN 1284-ZONE,7,VILLARICA,BABAK | E4: ANGEL MAE ESTRADA | F4: =IFERROR(VLOOKUP($B4,'EOD - SEPTEMBER 3, 2026'!$B$2:$G$1004,3,FALSE()),0) -> 3600 | G4: =IFERROR(VLOOKUP($B4,'EOD - SEPTEMBER 3, 2026'!$B:$G,6,FALSE()),0) -> 0 | H4: =F4*0.125 -> 450 | I4: =F4-G4-H4 -> 3150 | J4: =IF((AND(F4>=100,F4<5000)),$J$48,IF((AND(F4>=5000,F4<6000)),$J$49,IF((AND(F4>=6000,F4<7000)),$J$50,IF((AND(F4>=7000,F4<8000)),$J$51,IF((AND(F4>=8000,F4<9000)),$J$52,IF((AND(F4>=9000,F4<10000)),$J$53,IF((AND(F4>=10000,F4<11000)),$J$54,IF((AND(F4>=11000,F4<12000)),$J$55,IF((AND(F4>=12000,F4<13000)),$J$56,IF((AND(F4>=13000,F4<14000)),$J$57,IF((AND(F4>=14000,F4<15000)),$J$58,IF((AND(F4>=15000,F4<16000)),$J$59,IF((AND(F4>=16000,F4<17000)),$J$60,IF((AND(F4>=17000,F4<18000)),$J$61,IF((AND(F4>=18000,F4<19000)),$J$62,IF((AND(F4>=19000,F4<20000)),$J$63,IF((AND(F4>=20000,F4<21000)),$J$64,IF((AND(F4>=21000,F4<22000)),$J$65,IF((AND(F4>=22000,F4<23000)),$J$66,IF((AND(F4>=23000,F4<24000)),$J$67,IF((AND(F4>=24000,F4<25000)),$J$68,IF((AND(F4>=25000,F4<26000)),$J$69,IF((AND(F4>=26000,F4<27000)),$J$70,IF((AND(F4>=27000,F4<28000)),$J$71,IF((AND(F4>=28000,F4<29000)),$J$72,IF((AND(F4>=29000,F4<30000)),$J$73,IF((AND(F4>=30000,F4<31000)),$J$74,IF((AND(F4>=31000,F4<32000)),$J$75,IF((AND(F4>=32000,F4<33000)),$J$76,IF((AND(F4>=33000,F4<34000)),$J$77,IF((AND(F4>=34000,F4<35000)),$J$78,IF((AND(F4>=35000,F4<36000)),$J$79,IF((AND(F4>=36000,F4<37000)),$J$80,IF((AND(F4>=37000,F4<38000)),$J$81,IF((AND(F4>=38000,F4<39000)),$J$82,IF((AND(F4>=39000,F4<40000)),$J$83,IF((AND(F4>=40000,F4<41000)),$J$84,IF((AND(F4>=41000,F4<42000)),$J$85,IF((AND(F4>=42000,F4<43000)),$J$86,IF((AND(F4>=43000,F4<44000)),$J$87,IF((AND(F4>=44000,F4<45000)),$J$88,IF((AND(F4>=45000,F4<46000)),$J$89,IF((AND(F4>=46000,F4<47000)),$J$90,IF((AND(F4>=47000,F4<48000)),$J$91,IF((AND(F4>=48000,F4<49000)),$J$92,IF((AND(F4>=49000,F4<50000)),$J$93,IF((AND(F4>=50000,F4<51000)),$J$94,IF((AND(F4>=51000,F4<52000)),$J$95,IF((AND(F4>=52000,F4<53000)),$J$96,IF((AND(F4>=53000,F4<54000)),$J$97,IF((AND(F4>=54000,F4<55000)),$J$98,IF((AND(F4>=55000,F4<56000)),$J$99,IF((AND(F4>=56000,F4<57000)),$J$100,IF((AND(F4>=57000,F4<58000)),$J$101,IF((AND(F4>=58000,F4<59000)),$J$102,IF((AND(F4>=59000,F4<60000)),$J$103,IF((AND(F4>=60000,F4<61000)),$J$104,"0"))))))))))))))))))))))))))))))))))))))))))))))))))))))))) -> 250
A5: 3 | B5: =SUBSTITUTE(TRIM(LEFT(D5,FIND("-",D5&"-")-1))," ","-") -> DDN-1285 | C5: =TRIM(MID(D5,FIND("-",D5)+1,LEN(D5))) -> P4 BONGKALAS,COGON,SAMAL | D5: DDN 1285-P4 BONGKALAS,COGON,SAMAL | E5: REJEAN PREGLO | F5: =IFERROR(VLOOKUP($B5,'EOD - SEPTEMBER 3, 2026'!$B$2:$G$1004,3,FALSE()),0) -> 1675 | G5: =IFERROR(VLOOKUP($B5,'EOD - SEPTEMBER 3, 2026'!$B:$G,6,FALSE()),0) -> 0 | H5: =F5*0.125 -> 209.375 | I5: =F5-G5-H5 -> 1465.625 | J5: =IF((AND(F5>=100,F5<5000)),$J$48,IF((AND(F5>=5000,F5<6000)),$J$49,IF((AND(F5>=6000,F5<7000)),$J$50,IF((AND(F5>=7000,F5<8000)),$J$51,IF((AND(F5>=8000,F5<9000)),$J$52,IF((AND(F5>=9000,F5<10000)),$J$53,IF((AND(F5>=10000,F5<11000)),$J$54,IF((AND(F5>=11000,F5<12000)),$J$55,IF((AND(F5>=12000,F5<13000)),$J$56,IF((AND(F5>=13000,F5<14000)),$J$57,IF((AND(F5>=14000,F5<15000)),$J$58,IF((AND(F5>=15000,F5<16000)),$J$59,IF((AND(F5>=16000,F5<17000)),$J$60,IF((AND(F5>=17000,F5<18000)),$J$61,IF((AND(F5>=18000,F5<19000)),$J$62,IF((AND(F5>=19000,F5<20000)),$J$63,IF((AND(F5>=20000,F5<21000)),$J$64,IF((AND(F5>=21000,F5<22000)),$J$65,IF((AND(F5>=22000,F5<23000)),$J$66,IF((AND(F5>=23000,F5<24000)),$J$67,IF((AND(F5>=24000,F5<25000)),$J$68,IF((AND(F5>=25000,F5<26000)),$J$69,IF((AND(F5>=26000,F5<27000)),$J$70,IF((AND(F5>=27000,F5<28000)),$J$71,IF((AND(F5>=28000,F5<29000)),$J$72,IF((AND(F5>=29000,F5<30000)),$J$73,IF((AND(F5>=30000,F5<31000)),$J$74,IF((AND(F5>=31000,F5<32000)),$J$75,IF((AND(F5>=32000,F5<33000)),$J$76,IF((AND(F5>=33000,F5<34000)),$J$77,IF((AND(F5>=34000,F5<35000)),$J$78,IF((AND(F5>=35000,F5<36000)),$J$79,IF((AND(F5>=36000,F5<37000)),$J$80,IF((AND(F5>=37000,F5<38000)),$J$81,IF((AND(F5>=38000,F5<39000)),$J$82,IF((AND(F5>=39000,F5<40000)),$J$83,IF((AND(F5>=40000,F5<41000)),$J$84,IF((AND(F5>=41000,F5<42000)),$J$85,IF((AND(F5>=42000,F5<43000)),$J$86,IF((AND(F5>=43000,F5<44000)),$J$87,IF((AND(F5>=44000,F5<45000)),$J$88,IF((AND(F5>=45000,F5<46000)),$J$89,IF((AND(F5>=46000,F5<47000)),$J$90,IF((AND(F5>=47000,F5<48000)),$J$91,IF((AND(F5>=48000,F5<49000)),$J$92,IF((AND(F5>=49000,F5<50000)),$J$93,IF((AND(F5>=50000,F5<51000)),$J$94,IF((AND(F5>=51000,F5<52000)),$J$95,IF((AND(F5>=52000,F5<53000)),$J$96,IF((AND(F5>=53000,F5<54000)),$J$97,IF((AND(F5>=54000,F5<55000)),$J$98,IF((AND(F5>=55000,F5<56000)),$J$99,IF((AND(F5>=56000,F5<57000)),$J$100,IF((AND(F5>=57000,F5<58000)),$J$101,IF((AND(F5>=58000,F5<59000)),$J$102,IF((AND(F5>=59000,F5<60000)),$J$103,IF((AND(F5>=60000,F5<61000)),$J$104,"0"))))))))))))))))))))))))))))))))))))))))))))))))))))))))) -> 250
A6: 4 | B6: =SUBSTITUTE(TRIM(LEFT(D6,FIND("-",D6&"-")-1))," ","-") -> DDN-1286 | C6: =TRIM(MID(D6,FIND("-",D6)+1,LEN(D6))) -> PRK1B PENAPLATA DDN | D6: DDN 1286-PRK1B PENAPLATA DDN | E6: DIANA B. CANILLO SARAGENA | F6: =IFERROR(VLOOKUP($B6,'EOD - SEPTEMBER 3, 2026'!$B$2:$G$1004,3,FALSE()),0) -> 10015 | G6: =IFERROR(VLOOKUP($B6,'EOD - SEPTEMBER 3, 2026'!$B:$G,6,FALSE()),0) -> 1200 | H6: =F6*0.125 -> 1251.875 | I6: =F6-G6-H6 -> 7563.125 | J6: =IF((AND(F6>=100,F6<5000)),$J$48,IF((AND(F6>=5000,F6<6000)),$J$49,IF((AND(F6>=6000,F6<7000)),$J$50,IF((AND(F6>=7000,F6<8000)),$J$51,IF((AND(F6>=8000,F6<9000)),$J$52,IF((AND(F6>=9000,F6<10000)),$J$53,IF((AND(F6>=10000,F6<11000)),$J$54,IF((AND(F6>=11000,F6<12000)),$J$55,IF((AND(F6>=12000,F6<13000)),$J$56,IF((AND(F6>=13000,F6<14000)),$J$57,IF((AND(F6>=14000,F6<15000)),$J$58,IF((AND(F6>=15000,F6<16000)),$J$59,IF((AND(F6>=16000,F6<17000)),$J$60,IF((AND(F6>=17000,F6<18000)),$J$61,IF((AND(F6>=18000,F6<19000)),$J$62,IF((AND(F6>=19000,F6<20000)),$J$63,IF((AND(F6>=20000,F6<21000)),$J$64,IF((AND(F6>=21000,F6<22000)),$J$65,IF((AND(F6>=22000,F6<23000)),$J$66,IF((AND(F6>=23000,F6<24000)),$J$67,IF((AND(F6>=24000,F6<25000)),$J$68,IF((AND(F6>=25000,F6<26000)),$J$69,IF((AND(F6>=26000,F6<27000)),$J$70,IF((AND(F6>=27000,F6<28000)),$J$71,IF((AND(F6>=28000,F6<29000)),$J$72,IF((AND(F6>=29000,F6<30000)),$J$73,IF((AND(F6>=30000,F6<31000)),$J$74,IF((AND(F6>=31000,F6<32000)),$J$75,IF((AND(F6>=32000,F6<33000)),$J$76,IF((AND(F6>=33000,F6<34000)),$J$77,IF((AND(F6>=34000,F6<35000)),$J$78,IF((AND(F6>=35000,F6<36000)),$J$79,IF((AND(F6>=36000,F6<37000)),$J$80,IF((AND(F6>=37000,F6<38000)),$J$81,IF((AND(F6>=38000,F6<39000)),$J$82,IF((AND(F6>=39000,F6<40000)),$J$83,IF((AND(F6>=40000,F6<41000)),$J$84,IF((AND(F6>=41000,F6<42000)),$J$85,IF((AND(F6>=42000,F6<43000)),$J$86,IF((AND(F6>=43000,F6<44000)),$J$87,IF((AND(F6>=44000,F6<45000)),$J$88,IF((AND(F6>=45000,F6<46000)),$J$89,IF((AND(F6>=46000,F6<47000)),$J$90,IF((AND(F6>=47000,F6<48000)),$J$91,IF((AND(F6>=48000,F6<49000)),$J$92,IF((AND(F6>=49000,F6<50000)),$J$93,IF((AND(F6>=50000,F6<51000)),$J$94,IF((AND(F6>=51000,F6<52000)),$J$95,IF((AND(F6>=52000,F6<53000)),$J$96,IF((AND(F6>=53000,F6<54000)),$J$97,IF((AND(F6>=54000,F6<55000)),$J$98,IF((AND(F6>=55000,F6<56000)),$J$99,IF((AND(F6>=56000,F6<57000)),$J$100,IF((AND(F6>=57000,F6<58000)),$J$101,IF((AND(F6>=58000,F6<59000)),$J$102,IF((AND(F6>=59000,F6<60000)),$J$103,IF((AND(F6>=60000,F6<61000)),$J$104,"0"))))))))))))))))))))))))))))))))))))))))))))))))))))))))) -> 350
A7: 5 | B7: =SUBSTITUTE(TRIM(LEFT(D7,FIND("-",D7&"-")-1))," ","-") -> DDN-1288 | C7: =TRIM(MID(D7,FIND("-",D7)+1,LEN(D7))) -> PRK 1 BRGY LIBUAK,BABAK | D7: DDN 1288-PRK 1 BRGY LIBUAK,BABAK | E7: Rene Daguit | F7: =IFERROR(VLOOKUP($B7,'EOD - SEPTEMBER 3, 2026'!$B$2:$G$1004,3,FALSE()),0) -> 12007 | G7: =IFERROR(VLOOKUP($B7,'EOD - SEPTEMBER 3, 2026'!$B:$G,6,FALSE()),0) -> 7200 | H7: =F7*0.125 -> 1500.875 | I7: =F7-G7-H7 -> 3306.125 | J7: =IF((AND(F7>=100,F7<5000)),$J$48,IF((AND(F7>=5000,F7<6000)),$J$49,IF((AND(F7>=6000,F7<7000)),$J$50,IF((AND(F7>=7000,F7<8000)),$J$51,IF((AND(F7>=8000,F7<9000)),$J$52,IF((AND(F7>=9000,F7<10000)),$J$53,IF((AND(F7>=10000,F7<11000)),$J$54,IF((AND(F7>=11000,F7<12000)),$J$55,IF((AND(F7>=12000,F7<13000)),$J$56,IF((AND(F7>=13000,F7<14000)),$J$57,IF((AND(F7>=14000,F7<15000)),$J$58,IF((AND(F7>=15000,F7<16000)),$J$59,IF((AND(F7>=16000,F7<17000)),$J$60,IF((AND(F7>=17000,F7<18000)),$J$61,IF((AND(F7>=18000,F7<19000)),$J$62,IF((AND(F7>=19000,F7<20000)),$J$63,IF((AND(F7>=20000,F7<21000)),$J$64,IF((AND(F7>=21000,F7<22000)),$J$65,IF((AND(F7>=22000,F7<23000)),$J$66,IF((AND(F7>=23000,F7<24000)),$J$67,IF((AND(F7>=24000,F7<25000)),$J$68,IF((AND(F7>=25000,F7<26000)),$J$69,IF((AND(F7>=26000,F7<27000)),$J$70,IF((AND(F7>=27000,F7<28000)),$J$71,IF((AND(F7>=28000,F7<29000)),$J$72,IF((AND(F7>=29000,F7<30000)),$J$73,IF((AND(F7>=30000,F7<31000)),$J$74,IF((AND(F7>=31000,F7<32000)),$J$75,IF((AND(F7>=32000,F7<33000)),$J$76,IF((AND(F7>=33000,F7<34000)),$J$77,IF((AND(F7>=34000,F7<35000)),$J$78,IF((AND(F7>=35000,F7<36000)),$J$79,IF((AND(F7>=36000,F7<37000)),$J$80,IF((AND(F7>=37000,F7<38000)),$J$81,IF((AND(F7>=38000,F7<39000)),$J$82,IF((AND(F7>=39000,F7<40000)),$J$83,IF((AND(F7>=40000,F7<41000)),$J$84,IF((AND(F7>=41000,F7<42000)),$J$85,IF((AND(F7>=42000,F7<43000)),$J$86,IF((AND(F7>=43000,F7<44000)),$J$87,IF((AND(F7>=44000,F7<45000)),$J$88,IF((AND(F7>=45000,F7<46000)),$J$89,IF((AND(F7>=46000,F7<47000)),$J$90,IF((AND(F7>=47000,F7<48000)),$J$91,IF((AND(F7>=48000,F7<49000)),$J$92,IF((AND(F7>=49000,F7<50000)),$J$93,IF((AND(F7>=50000,F7<51000)),$J$94,IF((AND(F7>=51000,F7<52000)),$J$95,IF((AND(F7>=52000,F7<53000)),$J$96,IF((AND(F7>=53000,F7<54000)),$J$97,IF((AND(F7>=54000,F7<55000)),$J$98,IF((AND(F7>=55000,F7<56000)),$J$99,IF((AND(F7>=56000,F7<57000)),$J$100,IF((AND(F7>=57000,F7<58000)),$J$101,IF((AND(F7>=58000,F7<59000)),$J$102,IF((AND(F7>=59000,F7<60000)),$J$103,IF((AND(F7>=60000,F7<61000)),$J$104,"0"))))))))))))))))))))))))))))))))))))))))))))))))))))))))) -> 370
A8: 6 | B8: =SUBSTITUTE(TRIM(LEFT(D8,FIND("-",D8&"-")-1))," ","-") -> DDN-1635 | C8: =TRIM(MID(D8,FIND("-",D8)+1,LEN(D8))) -> PRK 6 TUGUAK,COGON,BABAK | D8: DDN 1635-PRK 6 TUGUAK,COGON,BABAK | E8: MANILYN P. VILLASIN | F8: =IFERROR(VLOOKUP($B8,'EOD - SEPTEMBER 3, 2026'!$B$2:$G$1004,3,FALSE()),0) -> 0 | G8: =IFERROR(VLOOKUP($B8,'EOD - SEPTEMBER 3, 2026'!$B:$G,6,FALSE()),0) -> 0 | H8: =F8*0.125 -> 0 | I8: =F8-G8-H8 -> 0 | J8: =IF((AND(F8>=100,F8<5000)),$J$48,IF((AND(F8>=5000,F8<6000)),$J$49,IF((AND(F8>=6000,F8<7000)),$J$50,IF((AND(F8>=7000,F8<8000)),$J$51,IF((AND(F8>=8000,F8<9000)),$J$52,IF((AND(F8>=9000,F8<10000)),$J$53,IF((AND(F8>=10000,F8<11000)),$J$54,IF((AND(F8>=11000,F8<12000)),$J$55,IF((AND(F8>=12000,F8<13000)),$J$56,IF((AND(F8>=13000,F8<14000)),$J$57,IF((AND(F8>=14000,F8<15000)),$J$58,IF((AND(F8>=15000,F8<16000)),$J$59,IF((AND(F8>=16000,F8<17000)),$J$60,IF((AND(F8>=17000,F8<18000)),$J$61,IF((AND(F8>=18000,F8<19000)),$J$62,IF((AND(F8>=19000,F8<20000)),$J$63,IF((AND(F8>=20000,F8<21000)),$J$64,IF((AND(F8>=21000,F8<22000)),$J$65,IF((AND(F8>=22000,F8<23000)),$J$66,IF((AND(F8>=23000,F8<24000)),$J$67,IF((AND(F8>=24000,F8<25000)),$J$68,IF((AND(F8>=25000,F8<26000)),$J$69,IF((AND(F8>=26000,F8<27000)),$J$70,IF((AND(F8>=27000,F8<28000)),$J$71,IF((AND(F8>=28000,F8<29000)),$J$72,IF((AND(F8>=29000,F8<30000)),$J$73,IF((AND(F8>=30000,F8<31000)),$J$74,IF((AND(F8>=31000,F8<32000)),$J$75,IF((AND(F8>=32000,F8<33000)),$J$76,IF((AND(F8>=33000,F8<34000)),$J$77,IF((AND(F8>=34000,F8<35000)),$J$78,IF((AND(F8>=35000,F8<36000)),$J$79,IF((AND(F8>=36000,F8<37000)),$J$80,IF((AND(F8>=37000,F8<38000)),$J$81,IF((AND(F8>=38000,F8<39000)),$J$82,IF((AND(F8>=39000,F8<40000)),$J$83,IF((AND(F8>=40000,F8<41000)),$J$84,IF((AND(F8>=41000,F8<42000)),$J$85,IF((AND(F8>=42000,F8<43000)),$J$86,IF((AND(F8>=43000,F8<44000)),$J$87,IF((AND(F8>=44000,F8<45000)),$J$88,IF((AND(F8>=45000,F8<46000)),$J$89,IF((AND(F8>=46000,F8<47000)),$J$90,IF((AND(F8>=47000,F8<48000)),$J$91,IF((AND(F8>=48000,F8<49000)),$J$92,IF((AND(F8>=49000,F8<50000)),$J$93,IF((AND(F8>=50000,F8<51000)),$J$94,IF((AND(F8>=51000,F8<52000)),$J$95,IF((AND(F8>=52000,F8<53000)),$J$96,IF((AND(F8>=53000,F8<54000)),$J$97,IF((AND(F8>=54000,F8<55000)),$J$98,IF((AND(F8>=55000,F8<56000)),$J$99,IF((AND(F8>=56000,F8<57000)),$J$100,IF((AND(F8>=57000,F8<58000)),$J$101,IF((AND(F8>=58000,F8<59000)),$J$102,IF((AND(F8>=59000,F8<60000)),$J$103,IF((AND(F8>=60000,F8<61000)),$J$104,"0"))))))))))))))))))))))))))))))))))))))))))))))))))))))))) -> 0
A9: 7 | B9: =SUBSTITUTE(TRIM(LEFT(D9,FIND("-",D9&"-")-1))," ","-") -> DDN-1293 | C9: =TRIM(MID(D9,FIND("-",D9)+1,LEN(D9))) -> PRK 2 TAMBO,BABAK,SAMAL | D9: DDN 1293-PRK 2 TAMBO,BABAK,SAMAL | E9: NIÑA ESCALANTE | F9: =IFERROR(VLOOKUP($B9,'EOD - SEPTEMBER 3, 2026'!$B$2:$G$1004,3,FALSE()),0) -> 4527 | G9: =IFERROR(VLOOKUP($B9,'EOD - SEPTEMBER 3, 2026'!$B:$G,6,FALSE()),0) -> 2400 | H9: =F9*0.125 -> 565.875 | I9: =F9-G9-H9 -> 1561.125 | J9: =IF((AND(F9>=100,F9<5000)),$J$48,IF((AND(F9>=5000,F9<6000)),$J$49,IF((AND(F9>=6000,F9<7000)),$J$50,IF((AND(F9>=7000,F9<8000)),$J$51,IF((AND(F9>=8000,F9<9000)),$J$52,IF((AND(F9>=9000,F9<10000)),$J$53,IF((AND(F9>=10000,F9<11000)),$J$54,IF((AND(F9>=11000,F9<12000)),$J$55,IF((AND(F9>=12000,F9<13000)),$J$56,IF((AND(F9>=13000,F9<14000)),$J$57,IF((AND(F9>=14000,F9<15000)),$J$58,IF((AND(F9>=15000,F9<16000)),$J$59,IF((AND(F9>=16000,F9<17000)),$J$60,IF((AND(F9>=17000,F9<18000)),$J$61,IF((AND(F9>=18000,F9<19000)),$J$62,IF((AND(F9>=19000,F9<20000)),$J$63,IF((AND(F9>=20000,F9<21000)),$J$64,IF((AND(F9>=21000,F9<22000)),$J$65,IF((AND(F9>=22000,F9<23000)),$J$66,IF((AND(F9>=23000,F9<24000)),$J$67,IF((AND(F9>=24000,F9<25000)),$J$68,IF((AND(F9>=25000,F9<26000)),$J$69,IF((AND(F9>=26000,F9<27000)),$J$70,IF((AND(F9>=27000,F9<28000)),$J$71,IF((AND(F9>=28000,F9<29000)),$J$72,IF((AND(F9>=29000,F9<30000)),$J$73,IF((AND(F9>=30000,F9<31000)),$J$74,IF((AND(F9>=31000,F9<32000)),$J$75,IF((AND(F9>=32000,F9<33000)),$J$76,IF((AND(F9>=33000,F9<34000)),$J$77,IF((AND(F9>=34000,F9<35000)),$J$78,IF((AND(F9>=35000,F9<36000)),$J$79,IF((AND(F9>=36000,F9<37000)),$J$80,IF((AND(F9>=37000,F9<38000)),$J$81,IF((AND(F9>=38000,F9<39000)),$J$82,IF((AND(F9>=39000,F9<40000)),$J$83,IF((AND(F9>=40000,F9<41000)),$J$84,IF((AND(F9>=41000,F9<42000)),$J$85,IF((AND(F9>=42000,F9<43000)),$J$86,IF((AND(F9>=43000,F9<44000)),$J$87,IF((AND(F9>=44000,F9<45000)),$J$88,IF((AND(F9>=45000,F9<46000)),$J$89,IF((AND(F9>=46000,F9<47000)),$J$90,IF((AND(F9>=47000,F9<48000)),$J$91,IF((AND(F9>=48000,F9<49000)),$J$92,IF((AND(F9>=49000,F9<50000)),$J$93,IF((AND(F9>=50000,F9<51000)),$J$94,IF((AND(F9>=51000,F9<52000)),$J$95,IF((AND(F9>=52000,F9<53000)),$J$96,IF((AND(F9>=53000,F9<54000)),$J$97,IF((AND(F9>=54000,F9<55000)),$J$98,IF((AND(F9>=55000,F9<56000)),$J$99,IF((AND(F9>=56000,F9<57000)),$J$100,IF((AND(F9>=57000,F9<58000)),$J$101,IF((AND(F9>=58000,F9<59000)),$J$102,IF((AND(F9>=59000,F9<60000)),$J$103,IF((AND(F9>=60000,F9<61000)),$J$104,"0"))))))))))))))))))))))))))))))))))))))))))))))))))))))))) -> 250
A10: 8 | B10: =SUBSTITUTE(TRIM(LEFT(D10,FIND("-",D10&"-")-1))," ","-") -> DDN-1294 | C10: =TRIM(MID(D10,FIND("-",D10)+1,LEN(D10))) -> CIDG,P-KAIMITO,MIRANDA,BABAK | D10: DDN 1294-CIDG,P-KAIMITO,MIRANDA,BABAK | E10: JOVILYN B. OCOM | F10: =IFERROR(VLOOKUP($B10,'EOD - SEPTEMBER 3, 2026'!$B$2:$G$1004,3,FALSE()),0) -> 3687 | G10: =IFERROR(VLOOKUP($B10,'EOD - SEPTEMBER 3, 2026'!$B:$G,6,FALSE()),0) -> 0 | H10: =F10*0.125 -> 460.875 | I10: =F10-G10-H10 -> 3226.125 | J10: =IF((AND(F10>=100,F10<5000)),$J$48,IF((AND(F10>=5000,F10<6000)),$J$49,IF((AND(F10>=6000,F10<7000)),$J$50,IF((AND(F10>=7000,F10<8000)),$J$51,IF((AND(F10>=8000,F10<9000)),$J$52,IF((AND(F10>=9000,F10<10000)),$J$53,IF((AND(F10>=10000,F10<11000)),$J$54,IF((AND(F10>=11000,F10<12000)),$J$55,IF((AND(F10>=12000,F10<13000)),$J$56,IF((AND(F10>=13000,F10<14000)),$J$57,IF((AND(F10>=14000,F10<15000)),$J$58,IF((AND(F10>=15000,F10<16000)),$J$59,IF((AND(F10>=16000,F10<17000)),$J$60,IF((AND(F10>=17000,F10<18000)),$J$61,IF((AND(F10>=18000,F10<19000)),$J$62,IF((AND(F10>=19000,F10<20000)),$J$63,IF((AND(F10>=20000,F10<21000)),$J$64,IF((AND(F10>=21000,F10<22000)),$J$65,IF((AND(F10>=22000,F10<23000)),$J$66,IF((AND(F10>=23000,F10<24000)),$J$67,IF((AND(F10>=24000,F10<25000)),$J$68,IF((AND(F10>=25000,F10<26000)),$J$69,IF((AND(F10>=26000,F10<27000)),$J$70,IF((AND(F10>=27000,F10<28000)),$J$71,IF((AND(F10>=28000,F10<29000)),$J$72,IF((AND(F10>=29000,F10<30000)),$J$73,IF((AND(F10>=30000,F10<31000)),$J$74,IF((AND(F10>=31000,F10<32000)),$J$75,IF((AND(F10>=32000,F10<33000)),$J$76,IF((AND(F10>=33000,F10<34000)),$J$77,IF((AND(F10>=34000,F10<35000)),$J$78,IF((AND(F10>=35000,F10<36000)),$J$79,IF((AND(F10>=36000,F10<37000)),$J$80,IF((AND(F10>=37000,F10<38000)),$J$81,IF((AND(F10>=38000,F10<39000)),$J$82,IF((AND(F10>=39000,F10<40000)),$J$83,IF((AND(F10>=40000,F10<41000)),$J$84,IF((AND(F10>=41000,F10<42000)),$J$85,IF((AND(F10>=42000,F10<43000)),$J$86,IF((AND(F10>=43000,F10<44000)),$J$87,IF((AND(F10>=44000,F10<45000)),$J$88,IF((AND(F10>=45000,F10<46000)),$J$89,IF((AND(F10>=46000,F10<47000)),$J$90,IF((AND(F10>=47000,F10<48000)),$J$91,IF((AND(F10>=48000,F10<49000)),$J$92,IF((AND(F10>=49000,F10<50000)),$J$93,IF((AND(F10>=50000,F10<51000)),$J$94,IF((AND(F10>=51000,F10<52000)),$J$95,IF((AND(F10>=52000,F10<53000)),$J$96,IF((AND(F10>=53000,F10<54000)),$J$97,IF((AND(F10>=54000,F10<55000)),$J$98,IF((AND(F10>=55000,F10<56000)),$J$99,IF((AND(F10>=56000,F10<57000)),$J$100,IF((AND(F10>=57000,F10<58000)),$J$101,IF((AND(F10>=58000,F10<59000)),$J$102,IF((AND(F10>=59000,F10<60000)),$J$103,IF((AND(F10>=60000,F10<61000)),$J$104,"0"))))))))))))))))))))))))))))))))))))))))))))))))))))))))) -> 250
A11: 9 | B11: =SUBSTITUTE(TRIM(LEFT(D11,FIND("-",D11&"-")-1))," ","-") -> DDN-1295 | C11: =TRIM(MID(D11,FIND("-",D11)+1,LEN(D11))) -> P3 KAUSWAGAN,MIRANDA,BABAK | D11: DDN 1295-P3 KAUSWAGAN,MIRANDA,BABAK | E11: GENNIEL MONTERDE | F11: =IFERROR(VLOOKUP($B11,'EOD - SEPTEMBER 3, 2026'!$B$2:$G$1004,3,FALSE()),0) -> 4775 | G11: =IFERROR(VLOOKUP($B11,'EOD - SEPTEMBER 3, 2026'!$B:$G,6,FALSE()),0) -> 0 | H11: =F11*0.125 -> 596.875 | I11: =F11-G11-H11 -> 4178.125 | J11: =IF((AND(F11>=100,F11<5000)),$J$48,IF((AND(F11>=5000,F11<6000)),$J$49,IF((AND(F11>=6000,F11<7000)),$J$50,IF((AND(F11>=7000,F11<8000)),$J$51,IF((AND(F11>=8000,F11<9000)),$J$52,IF((AND(F11>=9000,F11<10000)),$J$53,IF((AND(F11>=10000,F11<11000)),$J$54,IF((AND(F11>=11000,F11<12000)),$J$55,IF((AND(F11>=12000,F11<13000)),$J$56,IF((AND(F11>=13000,F11<14000)),$J$57,IF((AND(F11>=14000,F11<15000)),$J$58,IF((AND(F11>=15000,F11<16000)),$J$59,IF((AND(F11>=16000,F11<17000)),$J$60,IF((AND(F11>=17000,F11<18000)),$J$61,IF((AND(F11>=18000,F11<19000)),$J$62,IF((AND(F11>=19000,F11<20000)),$J$63,IF((AND(F11>=20000,F11<21000)),$J$64,IF((AND(F11>=21000,F11<22000)),$J$65,IF((AND(F11>=22000,F11<23000)),$J$66,IF((AND(F11>=23000,F11<24000)),$J$67,IF((AND(F11>=24000,F11<25000)),$J$68,IF((AND(F11>=25000,F11<26000)),$J$69,IF((AND(F11>=26000,F11<27000)),$J$70,IF((AND(F11>=27000,F11<28000)),$J$71,IF((AND(F11>=28000,F11<29000)),$J$72,IF((AND(F11>=29000,F11<30000)),$J$73,IF((AND(F11>=30000,F11<31000)),$J$74,IF((AND(F11>=31000,F11<32000)),$J$75,IF((AND(F11>=32000,F11<33000)),$J$76,IF((AND(F11>=33000,F11<34000)),$J$77,IF((AND(F11>=34000,F11<35000)),$J$78,IF((AND(F11>=35000,F11<36000)),$J$79,IF((AND(F11>=36000,F11<37000)),$J$80,IF((AND(F11>=37000,F11<38000)),$J$81,IF((AND(F11>=38000,F11<39000)),$J$82,IF((AND(F11>=39000,F11<40000)),$J$83,IF((AND(F11>=40000,F11<41000)),$J$84,IF((AND(F11>=41000,F11<42000)),$J$85,IF((AND(F11>=42000,F11<43000)),$J$86,IF((AND(F11>=43000,F11<44000)),$J$87,IF((AND(F11>=44000,F11<45000)),$J$88,IF((AND(F11>=45000,F11<46000)),$J$89,IF((AND(F11>=46000,F11<47000)),$J$90,IF((AND(F11>=47000,F11<48000)),$J$91,IF((AND(F11>=48000,F11<49000)),$J$92,IF((AND(F11>=49000,F11<50000)),$J$93,IF((AND(F11>=50000,F11<51000)),$J$94,IF((AND(F11>=51000,F11<52000)),$J$95,IF((AND(F11>=52000,F11<53000)),$J$96,IF((AND(F11>=53000,F11<54000)),$J$97,IF((AND(F11>=54000,F11<55000)),$J$98,IF((AND(F11>=55000,F11<56000)),$J$99,IF((AND(F11>=56000,F11<57000)),$J$100,IF((AND(F11>=57000,F11<58000)),$J$101,IF((AND(F11>=58000,F11<59000)),$J$102,IF((AND(F11>=59000,F11<60000)),$J$103,IF((AND(F11>=60000,F11<61000)),$J$104,"0"))))))))))))))))))))))))))))))))))))))))))))))))))))))))) -> 250
A12: 10 | B12: =SUBSTITUTE(TRIM(LEFT(D12,FIND("-",D12&"-")-1))," ","-") -> DDN-1296 | C12: =TRIM(MID(D12,FIND("-",D12)+1,LEN(D12))) -> PHASE 3 BUCARAN,TORIL,BABAK | D12: DDN 1296-PHASE 3 BUCARAN,TORIL,BABAK | E12: JELOU SALVADOR | F12: =IFERROR(VLOOKUP($B12,'EOD - SEPTEMBER 3, 2026'!$B$2:$G$1004,3,FALSE()),0) -> 2775 | G12: =IFERROR(VLOOKUP($B12,'EOD - SEPTEMBER 3, 2026'!$B:$G,6,FALSE()),0) -> 0 | H12: =F12*0.125 -> 346.875 | I12: =F12-G12-H12 -> 2428.125 | J12: =IF((AND(F12>=100,F12<5000)),$J$48,IF((AND(F12>=5000,F12<6000)),$J$49,IF((AND(F12>=6000,F12<7000)),$J$50,IF((AND(F12>=7000,F12<8000)),$J$51,IF((AND(F12>=8000,F12<9000)),$J$52,IF((AND(F12>=9000,F12<10000)),$J$53,IF((AND(F12>=10000,F12<11000)),$J$54,IF((AND(F12>=11000,F12<12000)),$J$55,IF((AND(F12>=12000,F12<13000)),$J$56,IF((AND(F12>=13000,F12<14000)),$J$57,IF((AND(F12>=14000,F12<15000)),$J$58,IF((AND(F12>=15000,F12<16000)),$J$59,IF((AND(F12>=16000,F12<17000)),$J$60,IF((AND(F12>=17000,F12<18000)),$J$61,IF((AND(F12>=18000,F12<19000)),$J$62,IF((AND(F12>=19000,F12<20000)),$J$63,IF((AND(F12>=20000,F12<21000)),$J$64,IF((AND(F12>=21000,F12<22000)),$J$65,IF((AND(F12>=22000,F12<23000)),$J$66,IF((AND(F12>=23000,F12<24000)),$J$67,IF((AND(F12>=24000,F12<25000)),$J$68,IF((AND(F12>=25000,F12<26000)),$J$69,IF((AND(F12>=26000,F12<27000)),$J$70,IF((AND(F12>=27000,F12<28000)),$J$71,IF((AND(F12>=28000,F12<29000)),$J$72,IF((AND(F12>=29000,F12<30000)),$J$73,IF((AND(F12>=30000,F12<31000)),$J$74,IF((AND(F12>=31000,F12<32000)),$J$75,IF((AND(F12>=32000,F12<33000)),$J$76,IF((AND(F12>=33000,F12<34000)),$J$77,IF((AND(F12>=34000,F12<35000)),$J$78,IF((AND(F12>=35000,F12<36000)),$J$79,IF((AND(F12>=36000,F12<37000)),$J$80,IF((AND(F12>=37000,F12<38000)),$J$81,IF((AND(F12>=38000,F12<39000)),$J$82,IF((AND(F12>=39000,F12<40000)),$J$83,IF((AND(F12>=40000,F12<41000)),$J$84,IF((AND(F12>=41000,F12<42000)),$J$85,IF((AND(F12>=42000,F12<43000)),$J$86,IF((AND(F12>=43000,F12<44000)),$J$87,IF((AND(F12>=44000,F12<45000)),$J$88,IF((AND(F12>=45000,F12<46000)),$J$89,IF((AND(F12>=46000,F12<47000)),$J$90,IF((AND(F12>=47000,F12<48000)),$J$91,IF((AND(F12>=48000,F12<49000)),$J$92,IF((AND(F12>=49000,F12<50000)),$J$93,IF((AND(F12>=50000,F12<51000)),$J$94,IF((AND(F12>=51000,F12<52000)),$J$95,IF((AND(F12>=52000,F12<53000)),$J$96,IF((AND(F12>=53000,F12<54000)),$J$97,IF((AND(F12>=54000,F12<55000)),$J$98,IF((AND(F12>=55000,F12<56000)),$J$99,IF((AND(F12>=56000,F12<57000)),$J$100,IF((AND(F12>=57000,F12<58000)),$J$101,IF((AND(F12>=58000,F12<59000)),$J$102,IF((AND(F12>=59000,F12<60000)),$J$103,IF((AND(F12>=60000,F12<61000)),$J$104,"0"))))))))))))))))))))))))))))))))))))))))))))))))))))))))) -> 250
A13: 11 | B13: =SUBSTITUTE(TRIM(LEFT(D13,FIND("-",D13&"-")-1))," ","-") -> DDN-1629 | C13: =TRIM(MID(D13,FIND("-",D13)+1,LEN(D13))) -> PRK 6 KINAWITNON,BABAK | D13: DDN 1629-PRK 6 KINAWITNON,BABAK | E13: Diomelyn Pansit Abad | F13: =IFERROR(VLOOKUP($B13,'EOD - SEPTEMBER 3, 2026'!$B$2:$G$1004,3,FALSE()),0) -> 2954 | G13: =IFERROR(VLOOKUP($B13,'EOD - SEPTEMBER 3, 2026'!$B:$G,6,FALSE()),0) -> 400 | H13: =F13*0.125 -> 369.25 | I13: =F13-G13-H13 -> 2184.75 | J13: =IF((AND(F13>=100,F13<5000)),$J$48,IF((AND(F13>=5000,F13<6000)),$J$49,IF((AND(F13>=6000,F13<7000)),$J$50,IF((AND(F13>=7000,F13<8000)),$J$51,IF((AND(F13>=8000,F13<9000)),$J$52,IF((AND(F13>=9000,F13<10000)),$J$53,IF((AND(F13>=10000,F13<11000)),$J$54,IF((AND(F13>=11000,F13<12000)),$J$55,IF((AND(F13>=12000,F13<13000)),$J$56,IF((AND(F13>=13000,F13<14000)),$J$57,IF((AND(F13>=14000,F13<15000)),$J$58,IF((AND(F13>=15000,F13<16000)),$J$59,IF((AND(F13>=16000,F13<17000)),$J$60,IF((AND(F13>=17000,F13<18000)),$J$61,IF((AND(F13>=18000,F13<19000)),$J$62,IF((AND(F13>=19000,F13<20000)),$J$63,IF((AND(F13>=20000,F13<21000)),$J$64,IF((AND(F13>=21000,F13<22000)),$J$65,IF((AND(F13>=22000,F13<23000)),$J$66,IF((AND(F13>=23000,F13<24000)),$J$67,IF((AND(F13>=24000,F13<25000)),$J$68,IF((AND(F13>=25000,F13<26000)),$J$69,IF((AND(F13>=26000,F13<27000)),$J$70,IF((AND(F13>=27000,F13<28000)),$J$71,IF((AND(F13>=28000,F13<29000)),$J$72,IF((AND(F13>=29000,F13<30000)),$J$73,IF((AND(F13>=30000,F13<31000)),$J$74,IF((AND(F13>=31000,F13<32000)),$J$75,IF((AND(F13>=32000,F13<33000)),$J$76,IF((AND(F13>=33000,F13<34000)),$J$77,IF((AND(F13>=34000,F13<35000)),$J$78,IF((AND(F13>=35000,F13<36000)),$J$79,IF((AND(F13>=36000,F13<37000)),$J$80,IF((AND(F13>=37000,F13<38000)),$J$81,IF((AND(F13>=38000,F13<39000)),$J$82,IF((AND(F13>=39000,F13<40000)),$J$83,IF((AND(F13>=40000,F13<41000)),$J$84,IF((AND(F13>=41000,F13<42000)),$J$85,IF((AND(F13>=42000,F13<43000)),$J$86,IF((AND(F13>=43000,F13<44000)),$J$87,IF((AND(F13>=44000,F13<45000)),$J$88,IF((AND(F13>=45000,F13<46000)),$J$89,IF((AND(F13>=46000,F13<47000)),$J$90,IF((AND(F13>=47000,F13<48000)),$J$91,IF((AND(F13>=48000,F13<49000)),$J$92,IF((AND(F13>=49000,F13<50000)),$J$93,IF((AND(F13>=50000,F13<51000)),$J$94,IF((AND(F13>=51000,F13<52000)),$J$95,IF((AND(F13>=52000,F13<53000)),$J$96,IF((AND(F13>=53000,F13<54000)),$J$97,IF((AND(F13>=54000,F13<55000)),$J$98,IF((AND(F13>=55000,F13<56000)),$J$99,IF((AND(F13>=56000,F13<57000)),$J$100,IF((AND(F13>=57000,F13<58000)),$J$101,IF((AND(F13>=58000,F13<59000)),$J$102,IF((AND(F13>=59000,F13<60000)),$J$103,IF((AND(F13>=60000,F13<61000)),$J$104,"0"))))))))))))))))))))))))))))))))))))))))))))))))))))))))) -> 250
A14: 12 | B14: =SUBSTITUTE(TRIM(LEFT(D14,FIND("-",D14&"-")-1))," ","-") -> DDN-1299 | C14: =TRIM(MID(D14,FIND("-",D14)+1,LEN(D14))) -> TALIPAPA,MIRANDA BABAK | D14: DDN 1299-TALIPAPA,MIRANDA BABAK | E14: AIZA CRODUA SAN JUAN | F14: =IFERROR(VLOOKUP($B14,'EOD - SEPTEMBER 3, 2026'!$B$2:$G$1004,3,FALSE()),0) -> 6067 | G14: =IFERROR(VLOOKUP($B14,'EOD - SEPTEMBER 3, 2026'!$B:$G,6,FALSE()),0) -> 1600 | H14: =F14*0.125 -> 758.375 | I14: =F14-G14-H14 -> 3708.625 | J14: =IF((AND(F14>=100,F14<5000)),$J$48,IF((AND(F14>=5000,F14<6000)),$J$49,IF((AND(F14>=6000,F14<7000)),$J$50,IF((AND(F14>=7000,F14<8000)),$J$51,IF((AND(F14>=8000,F14<9000)),$J$52,IF((AND(F14>=9000,F14<10000)),$J$53,IF((AND(F14>=10000,F14<11000)),$J$54,IF((AND(F14>=11000,F14<12000)),$J$55,IF((AND(F14>=12000,F14<13000)),$J$56,IF((AND(F14>=13000,F14<14000)),$J$57,IF((AND(F14>=14000,F14<15000)),$J$58,IF((AND(F14>=15000,F14<16000)),$J$59,IF((AND(F14>=16000,F14<17000)),$J$60,IF((AND(F14>=17000,F14<18000)),$J$61,IF((AND(F14>=18000,F14<19000)),$J$62,IF((AND(F14>=19000,F14<20000)),$J$63,IF((AND(F14>=20000,F14<21000)),$J$64,IF((AND(F14>=21000,F14<22000)),$J$65,IF((AND(F14>=22000,F14<23000)),$J$66,IF((AND(F14>=23000,F14<24000)),$J$67,IF((AND(F14>=24000,F14<25000)),$J$68,IF((AND(F14>=25000,F14<26000)),$J$69,IF((AND(F14>=26000,F14<27000)),$J$70,IF((AND(F14>=27000,F14<28000)),$J$71,IF((AND(F14>=28000,F14<29000)),$J$72,IF((AND(F14>=29000,F14<30000)),$J$73,IF((AND(F14>=30000,F14<31000)),$J$74,IF((AND(F14>=31000,F14<32000)),$J$75,IF((AND(F14>=32000,F14<33000)),$J$76,IF((AND(F14>=33000,F14<34000)),$J$77,IF((AND(F14>=34000,F14<35000)),$J$78,IF((AND(F14>=35000,F14<36000)),$J$79,IF((AND(F14>=36000,F14<37000)),$J$80,IF((AND(F14>=37000,F14<38000)),$J$81,IF((AND(F14>=38000,F14<39000)),$J$82,IF((AND(F14>=39000,F14<40000)),$J$83,IF((AND(F14>=40000,F14<41000)),$J$84,IF((AND(F14>=41000,F14<42000)),$J$85,IF((AND(F14>=42000,F14<43000)),$J$86,IF((AND(F14>=43000,F14<44000)),$J$87,IF((AND(F14>=44000,F14<45000)),$J$88,IF((AND(F14>=45000,F14<46000)),$J$89,IF((AND(F14>=46000,F14<47000)),$J$90,IF((AND(F14>=47000,F14<48000)),$J$91,IF((AND(F14>=48000,F14<49000)),$J$92,IF((AND(F14>=49000,F14<50000)),$J$93,IF((AND(F14>=50000,F14<51000)),$J$94,IF((AND(F14>=51000,F14<52000)),$J$95,IF((AND(F14>=52000,F14<53000)),$J$96,IF((AND(F14>=53000,F14<54000)),$J$97,IF((AND(F14>=54000,F14<55000)),$J$98,IF((AND(F14>=55000,F14<56000)),$J$99,IF((AND(F14>=56000,F14<57000)),$J$100,IF((AND(F14>=57000,F14<58000)),$J$101,IF((AND(F14>=58000,F14<59000)),$J$102,IF((AND(F14>=59000,F14<60000)),$J$103,IF((AND(F14>=60000,F14<61000)),$J$104,"0"))))))))))))))))))))))))))))))))))))))))))))))))))))))))) -> 310
... A21: 19 | B21: =SUBSTITUTE(TRIM(LEFT(D21,FIND("-",D21&"-")-1))," ","-") -> DDN-1588 | C21: =TRIM(MID(D21,FIND("-",D21)+1,LEN(D21))) -> PRK 2 STO.NINO,PENAPLATA | D21: DDN 1588-PRK 2 STO.NINO,PENAPLATA | E21: MARYJEAN BOGHANOY | F21: =IFERROR(VLOOKUP($B21,'EOD - SEPTEMBER 3, 2026'!$B$2:$G$1004,3,FALSE()),0) -> 2560 | G21: =IFERROR(VLOOKUP($B21,'EOD - SEPTEMBER 3, 2026'!$B:$G,6,FALSE()),0) -> 800 | H21: =F21*0.125 -> 320 | I21: =F21-G21-H21 -> 1440 | J21: =IF((AND(F21>=100,F21<5000)),$J$48,IF((AND(F21>=5000,F21<6000)),$J$49,IF((AND(F21>=6000,F21<7000)),$J$50,IF((AND(F21>=7000,F21<8000)),$J$51,IF((AND(F21>=8000,F21<9000)),$J$52,IF((AND(F21>=9000,F21<10000)),$J$53,IF((AND(F21>=10000,F21<11000)),$J$54,IF((AND(F21>=11000,F21<12000)),$J$55,IF((AND(F21>=12000,F21<13000)),$J$56,IF((AND(F21>=13000,F21<14000)),$J$57,IF((AND(F21>=14000,F21<15000)),$J$58,IF((AND(F21>=15000,F21<16000)),$J$59,IF((AND(F21>=16000,F21<17000)),$J$60,IF((AND(F21>=17000,F21<18000)),$J$61,IF((AND(F21>=18000,F21<19000)),$J$62,IF((AND(F21>=19000,F21<20000)),$J$63,IF((AND(F21>=20000,F21<21000)),$J$64,IF((AND(F21>=21000,F21<22000)),$J$65,IF((AND(F21>=22000,F21<23000)),$J$66,IF((AND(F21>=23000,F21<24000)),$J$67,IF((AND(F21>=24000,F21<25000)),$J$68,IF((AND(F21>=25000,F21<26000)),$J$69,IF((AND(F21>=26000,F21<27000)),$J$70,IF((AND(F21>=27000,F21<28000)),$J$71,IF((AND(F21>=28000,F21<29000)),$J$72,IF((AND(F21>=29000,F21<30000)),$J$73,IF((AND(F21>=30000,F21<31000)),$J$74,IF((AND(F21>=31000,F21<32000)),$J$75,IF((AND(F21>=32000,F21<33000)),$J$76,IF((AND(F21>=33000,F21<34000)),$J$77,IF((AND(F21>=34000,F21<35000)),$J$78,IF((AND(F21>=35000,F21<36000)),$J$79,IF((AND(F21>=36000,F21<37000)),$J$80,IF((AND(F21>=37000,F21<38000)),$J$81,IF((AND(F21>=38000,F21<39000)),$J$82,IF((AND(F21>=39000,F21<40000)),$J$83,IF((AND(F21>=40000,F21<41000)),$J$84,IF((AND(F21>=41000,F21<42000)),$J$85,IF((AND(F21>=42000,F21<43000)),$J$86,IF((AND(F21>=43000,F21<44000)),$J$87,IF((AND(F21>=44000,F21<45000)),$J$88,IF((AND(F21>=45000,F21<46000)),$J$89,IF((AND(F21>=46000,F21<47000)),$J$90,IF((AND(F21>=47000,F21<48000)),$J$91,IF((AND(F21>=48000,F21<49000)),$J$92,IF((AND(F21>=49000,F21<50000)),$J$93,IF((AND(F21>=50000,F21<51000)),$J$94,IF((AND(F21>=51000,F21<52000)),$J$95,IF((AND(F21>=52000,F21<53000)),$J$96,IF((AND(F21>=53000,F21<54000)),$J$97,IF((AND(F21>=54000,F21<55000)),$J$98,IF((AND(F21>=55000,F21<56000)),$J$99,IF((AND(F21>=56000,F21<57000)),$J$100,IF((AND(F21>=57000,F21<58000)),$J$101,IF((AND(F21>=58000,F21<59000)),$J$102,IF((AND(F21>=59000,F21<60000)),$J$103,IF((AND(F21>=60000,F21<61000)),$J$104,"0"))))))))))))))))))))))))))))))))))))))))))))))))))))))))) -> 250
A22: 20 | B22: =SUBSTITUTE(TRIM(LEFT(D22,FIND("-",D22&"-")-1))," ","-") -> DDN-1589 | C22: =TRIM(MID(D22,FIND("-",D22)+1,LEN(D22))) -> KINAWITNON,BABAK DISTRICT (TEMPORARY DEACTIVATED) | D22: DDN 1589-KINAWITNON,BABAK DISTRICT (TEMPORARY DEACTIVATED) | F22: =IFERROR(VLOOKUP($B22,'EOD - SEPTEMBER 3, 2026'!$B$2:$G$1004,3,FALSE()),0) -> 0 | G22: =IFERROR(VLOOKUP($B22,'EOD - SEPTEMBER 3, 2026'!$B:$G,6,FALSE()),0) -> 0 | H22: =F22*0.125 -> 0 | I22: =F22-G22-H22 -> 0 | J22: =IF((AND(F22>=100,F22<5000)),$J$48,IF((AND(F22>=5000,F22<6000)),$J$49,IF((AND(F22>=6000,F22<7000)),$J$50,IF((AND(F22>=7000,F22<8000)),$J$51,IF((AND(F22>=8000,F22<9000)),$J$52,IF((AND(F22>=9000,F22<10000)),$J$53,IF((AND(F22>=10000,F22<11000)),$J$54,IF((AND(F22>=11000,F22<12000)),$J$55,IF((AND(F22>=12000,F22<13000)),$J$56,IF((AND(F22>=13000,F22<14000)),$J$57,IF((AND(F22>=14000,F22<15000)),$J$58,IF((AND(F22>=15000,F22<16000)),$J$59,IF((AND(F22>=16000,F22<17000)),$J$60,IF((AND(F22>=17000,F22<18000)),$J$61,IF((AND(F22>=18000,F22<19000)),$J$62,IF((AND(F22>=19000,F22<20000)),$J$63,IF((AND(F22>=20000,F22<21000)),$J$64,IF((AND(F22>=21000,F22<22000)),$J$65,IF((AND(F22>=22000,F22<23000)),$J$66,IF((AND(F22>=23000,F22<24000)),$J$67,IF((AND(F22>=24000,F22<25000)),$J$68,IF((AND(F22>=25000,F22<26000)),$J$69,IF((AND(F22>=26000,F22<27000)),$J$70,IF((AND(F22>=27000,F22<28000)),$J$71,IF((AND(F22>=28000,F22<29000)),$J$72,IF((AND(F22>=29000,F22<30000)),$J$73,IF((AND(F22>=30000,F22<31000)),$J$74,IF((AND(F22>=31000,F22<32000)),$J$75,IF((AND(F22>=32000,F22<33000)),$J$76,IF((AND(F22>=33000,F22<34000)),$J$77,IF((AND(F22>=34000,F22<35000)),$J$78,IF((AND(F22>=35000,F22<36000)),$J$79,IF((AND(F22>=36000,F22<37000)),$J$80,IF((AND(F22>=37000,F22<38000)),$J$81,IF((AND(F22>=38000,F22<39000)),$J$82,IF((AND(F22>=39000,F22<40000)),$J$83,IF((AND(F22>=40000,F22<41000)),$J$84,IF((AND(F22>=41000,F22<42000)),$J$85,IF((AND(F22>=42000,F22<43000)),$J$86,IF((AND(F22>=43000,F22<44000)),$J$87,IF((AND(F22>=44000,F22<45000)),$J$88,IF((AND(F22>=45000,F22<46000)),$J$89,IF((AND(F22>=46000,F22<47000)),$J$90,IF((AND(F22>=47000,F22<48000)),$J$91,IF((AND(F22>=48000,F22<49000)),$J$92,IF((AND(F22>=49000,F22<50000)),$J$93,IF((AND(F22>=50000,F22<51000)),$J$94,IF((AND(F22>=51000,F22<52000)),$J$95,IF((AND(F22>=52000,F22<53000)),$J$96,IF((AND(F22>=53000,F22<54000)),$J$97,IF((AND(F22>=54000,F22<55000)),$J$98,IF((AND(F22>=55000,F22<56000)),$J$99,IF((AND(F22>=56000,F22<57000)),$J$100,IF((AND(F22>=57000,F22<58000)),$J$101,IF((AND(F22>=58000,F22<59000)),$J$102,IF((AND(F22>=59000,F22<60000)),$J$103,IF((AND(F22>=60000,F22<61000)),$J$104,"0"))))))))))))))))))))))))))))))))))))))))))))))))))))))))) -> 0
A23: 21 | B23: =SUBSTITUTE(TRIM(LEFT(D23,FIND("-",D23&"-")-1))," ","-") -> DDN-1630 | C23: =TRIM(MID(D23,FIND("-",D23)+1,LEN(D23))) -> Prk 7, ANUNANG, KAPUTIAN, IGACOS (TEMPORARY DEACTIVATED) | D23: DDN 1630-Prk 7, ANUNANG, KAPUTIAN, IGACOS (TEMPORARY DEACTIVATED) | F23: =IFERROR(VLOOKUP($B23,'EOD - SEPTEMBER 3, 2026'!$B$2:$G$1004,3,FALSE()),0) -> 0 | G23: =IFERROR(VLOOKUP($B23,'EOD - SEPTEMBER 3, 2026'!$B:$G,6,FALSE()),0) -> 0 | H23: =F23*0.125 -> 0 | I23: =F23-G23-H23 -> 0 | J23: =IF((AND(F23>=100,F23<5000)),$J$48,IF((AND(F23>=5000,F23<6000)),$J$49,IF((AND(F23>=6000,F23<7000)),$J$50,IF((AND(F23>=7000,F23<8000)),$J$51,IF((AND(F23>=8000,F23<9000)),$J$52,IF((AND(F23>=9000,F23<10000)),$J$53,IF((AND(F23>=10000,F23<11000)),$J$54,IF((AND(F23>=11000,F23<12000)),$J$55,IF((AND(F23>=12000,F23<13000)),$J$56,IF((AND(F23>=13000,F23<14000)),$J$57,IF((AND(F23>=14000,F23<15000)),$J$58,IF((AND(F23>=15000,F23<16000)),$J$59,IF((AND(F23>=16000,F23<17000)),$J$60,IF((AND(F23>=17000,F23<18000)),$J$61,IF((AND(F23>=18000,F23<19000)),$J$62,IF((AND(F23>=19000,F23<20000)),$J$63,IF((AND(F23>=20000,F23<21000)),$J$64,IF((AND(F23>=21000,F23<22000)),$J$65,IF((AND(F23>=22000,F23<23000)),$J$66,IF((AND(F23>=23000,F23<24000)),$J$67,IF((AND(F23>=24000,F23<25000)),$J$68,IF((AND(F23>=25000,F23<26000)),$J$69,IF((AND(F23>=26000,F23<27000)),$J$70,IF((AND(F23>=27000,F23<28000)),$J$71,IF((AND(F23>=28000,F23<29000)),$J$72,IF((AND(F23>=29000,F23<30000)),$J$73,IF((AND(F23>=30000,F23<31000)),$J$74,IF((AND(F23>=31000,F23<32000)),$J$75,IF((AND(F23>=32000,F23<33000)),$J$76,IF((AND(F23>=33000,F23<34000)),$J$77,IF((AND(F23>=34000,F23<35000)),$J$78,IF((AND(F23>=35000,F23<36000)),$J$79,IF((AND(F23>=36000,F23<37000)),$J$80,IF((AND(F23>=37000,F23<38000)),$J$81,IF((AND(F23>=38000,F23<39000)),$J$82,IF((AND(F23>=39000,F23<40000)),$J$83,IF((AND(F23>=40000,F23<41000)),$J$84,IF((AND(F23>=41000,F23<42000)),$J$85,IF((AND(F23>=42000,F23<43000)),$J$86,IF((AND(F23>=43000,F23<44000)),$J$87,IF((AND(F23>=44000,F23<45000)),$J$88,IF((AND(F23>=45000,F23<46000)),$J$89,IF((AND(F23>=46000,F23<47000)),$J$90,IF((AND(F23>=47000,F23<48000)),$J$91,IF((AND(F23>=48000,F23<49000)),$J$92,IF((AND(F23>=49000,F23<50000)),$J$93,IF((AND(F23>=50000,F23<51000)),$J$94,IF((AND(F23>=51000,F23<52000)),$J$95,IF((AND(F23>=52000,F23<53000)),$J$96,IF((AND(F23>=53000,F23<54000)),$J$97,IF((AND(F23>=54000,F23<55000)),$J$98,IF((AND(F23>=55000,F23<56000)),$J$99,IF((AND(F23>=56000,F23<57000)),$J$100,IF((AND(F23>=57000,F23<58000)),$J$101,IF((AND(F23>=58000,F23<59000)),$J$102,IF((AND(F23>=59000,F23<60000)),$J$103,IF((AND(F23>=60000,F23<61000)),$J$104,"0"))))))))))))))))))))))))))))))))))))))))))))))))))))))))) -> 0
A24: 22 | B24: =SUBSTITUTE(TRIM(LEFT(D24,FIND("-",D24&"-")-1))," ","-") -> DDN-1631 | C24: =TRIM(MID(D24,FIND("-",D24)+1,LEN(D24))) -> PORUK 3, AUMBAY, SAMAL | D24: DDN 1631-PORUK 3, AUMBAY, SAMAL | E24: AMABELLE GIAN | F24: =IFERROR(VLOOKUP($B24,'EOD - SEPTEMBER 3, 2026'!$B$2:$G$1004,3,FALSE()),0) -> 2640 | G24: =IFERROR(VLOOKUP($B24,'EOD - SEPTEMBER 3, 2026'!$B:$G,6,FALSE()),0) -> 0 | H24: =F24*0.125 -> 330 | I24: =F24-G24-H24 -> 2310 | J24: =IF((AND(F24>=100,F24<5000)),$J$48,IF((AND(F24>=5000,F24<6000)),$J$49,IF((AND(F24>=6000,F24<7000)),$J$50,IF((AND(F24>=7000,F24<8000)),$J$51,IF((AND(F24>=8000,F24<9000)),$J$52,IF((AND(F24>=9000,F24<10000)),$J$53,IF((AND(F24>=10000,F24<11000)),$J$54,IF((AND(F24>=11000,F24<12000)),$J$55,IF((AND(F24>=12000,F24<13000)),$J$56,IF((AND(F24>=13000,F24<14000)),$J$57,IF((AND(F24>=14000,F24<15000)),$J$58,IF((AND(F24>=15000,F24<16000)),$J$59,IF((AND(F24>=16000,F24<17000)),$J$60,IF((AND(F24>=17000,F24<18000)),$J$61,IF((AND(F24>=18000,F24<19000)),$J$62,IF((AND(F24>=19000,F24<20000)),$J$63,IF((AND(F24>=20000,F24<21000)),$J$64,IF((AND(F24>=21000,F24<22000)),$J$65,IF((AND(F24>=22000,F24<23000)),$J$66,IF((AND(F24>=23000,F24<24000)),$J$67,IF((AND(F24>=24000,F24<25000)),$J$68,IF((AND(F24>=25000,F24<26000)),$J$69,IF((AND(F24>=26000,F24<27000)),$J$70,IF((AND(F24>=27000,F24<28000)),$J$71,IF((AND(F24>=28000,F24<29000)),$J$72,IF((AND(F24>=29000,F24<30000)),$J$73,IF((AND(F24>=30000,F24<31000)),$J$74,IF((AND(F24>=31000,F24<32000)),$J$75,IF((AND(F24>=32000,F24<33000)),$J$76,IF((AND(F24>=33000,F24<34000)),$J$77,IF((AND(F24>=34000,F24<35000)),$J$78,IF((AND(F24>=35000,F24<36000)),$J$79,IF((AND(F24>=36000,F24<37000)),$J$80,IF((AND(F24>=37000,F24<38000)),$J$81,IF((AND(F24>=38000,F24<39000)),$J$82,IF((AND(F24>=39000,F24<40000)),$J$83,IF((AND(F24>=40000,F24<41000)),$J$84,IF((AND(F24>=41000,F24<42000)),$J$85,IF((AND(F24>=42000,F24<43000)),$J$86,IF((AND(F24>=43000,F24<44000)),$J$87,IF((AND(F24>=44000,F24<45000)),$J$88,IF((AND(F24>=45000,F24<46000)),$J$89,IF((AND(F24>=46000,F24<47000)),$J$90,IF((AND(F24>=47000,F24<48000)),$J$91,IF((AND(F24>=48000,F24<49000)),$J$92,IF((AND(F24>=49000,F24<50000)),$J$93,IF((AND(F24>=50000,F24<51000)),$J$94,IF((AND(F24>=51000,F24<52000)),$J$95,IF((AND(F24>=52000,F24<53000)),$J$96,IF((AND(F24>=53000,F24<54000)),$J$97,IF((AND(F24>=54000,F24<55000)),$J$98,IF((AND(F24>=55000,F24<56000)),$J$99,IF((AND(F24>=56000,F24<57000)),$J$100,IF((AND(F24>=57000,F24<58000)),$J$101,IF((AND(F24>=58000,F24<59000)),$J$102,IF((AND(F24>=59000,F24<60000)),$J$103,IF((AND(F24>=60000,F24<61000)),$J$104,"0"))))))))))))))))))))))))))))))))))))))))))))))))))))))))) -> 250
A25: 23 | B25: =SUBSTITUTE(TRIM(LEFT(D25,FIND("-",D25&"-")-1))," ","-") -> DDN-1632 | C25: =TRIM(MID(D25,FIND("-",D25)+1,LEN(D25))) -> PUROK 1, TAGBAY SAMAL | D25: DDN 1632-PUROK 1, TAGBAY SAMAL | E25: Jeralyne Marcellones | F25: =IFERROR(VLOOKUP($B25,'EOD - SEPTEMBER 3, 2026'!$B$2:$G$1004,3,FALSE()),0) -> 3790 | G25: =IFERROR(VLOOKUP($B25,'EOD - SEPTEMBER 3, 2026'!$B:$G,6,FALSE()),0) -> 2000 | H25: =F25*0.125 -> 473.75 | I25: =F25-G25-H25 -> 1316.25 | J25: =IF((AND(F25>=100,F25<5000)),$J$48,IF((AND(F25>=5000,F25<6000)),$J$49,IF((AND(F25>=6000,F25<7000)),$J$50,IF((AND(F25>=7000,F25<8000)),$J$51,IF((AND(F25>=8000,F25<9000)),$J$52,IF((AND(F25>=9000,F25<10000)),$J$53,IF((AND(F25>=10000,F25<11000)),$J$54,IF((AND(F25>=11000,F25<12000)),$J$55,IF((AND(F25>=12000,F25<13000)),$J$56,IF((AND(F25>=13000,F25<14000)),$J$57,IF((AND(F25>=14000,F25<15000)),$J$58,IF((AND(F25>=15000,F25<16000)),$J$59,IF((AND(F25>=16000,F25<17000)),$J$60,IF((AND(F25>=17000,F25<18000)),$J$61,IF((AND(F25>=18000,F25<19000)),$J$62,IF((AND(F25>=19000,F25<20000)),$J$63,IF((AND(F25>=20000,F25<21000)),$J$64,IF((AND(F25>=21000,F25<22000)),$J$65,IF((AND(F25>=22000,F25<23000)),$J$66,IF((AND(F25>=23000,F25<24000)),$J$67,IF((AND(F25>=24000,F25<25000)),$J$68,IF((AND(F25>=25000,F25<26000)),$J$69,IF((AND(F25>=26000,F25<27000)),$J$70,IF((AND(F25>=27000,F25<28000)),$J$71,IF((AND(F25>=28000,F25<29000)),$J$72,IF((AND(F25>=29000,F25<30000)),$J$73,IF((AND(F25>=30000,F25<31000)),$J$74,IF((AND(F25>=31000,F25<32000)),$J$75,IF((AND(F25>=32000,F25<33000)),$J$76,IF((AND(F25>=33000,F25<34000)),$J$77,IF((AND(F25>=34000,F25<35000)),$J$78,IF((AND(F25>=35000,F25<36000)),$J$79,IF((AND(F25>=36000,F25<37000)),$J$80,IF((AND(F25>=37000,F25<38000)),$J$81,IF((AND(F25>=38000,F25<39000)),$J$82,IF((AND(F25>=39000,F25<40000)),$J$83,IF((AND(F25>=40000,F25<41000)),$J$84,IF((AND(F25>=41000,F25<42000)),$J$85,IF((AND(F25>=42000,F25<43000)),$J$86,IF((AND(F25>=43000,F25<44000)),$J$87,IF((AND(F25>=44000,F25<45000)),$J$88,IF((AND(F25>=45000,F25<46000)),$J$89,IF((AND(F25>=46000,F25<47000)),$J$90,IF((AND(F25>=47000,F25<48000)),$J$91,IF((AND(F25>=48000,F25<49000)),$J$92,IF((AND(F25>=49000,F25<50000)),$J$93,IF((AND(F25>=50000,F25<51000)),$J$94,IF((AND(F25>=51000,F25<52000)),$J$95,IF((AND(F25>=52000,F25<53000)),$J$96,IF((AND(F25>=53000,F25<54000)),$J$97,IF((AND(F25>=54000,F25<55000)),$J$98,IF((AND(F25>=55000,F25<56000)),$J$99,IF((AND(F25>=56000,F25<57000)),$J$100,IF((AND(F25>=57000,F25<58000)),$J$101,IF((AND(F25>=58000,F25<59000)),$J$102,IF((AND(F25>=59000,F25<60000)),$J$103,IF((AND(F25>=60000,F25<61000)),$J$104,"0"))))))))))))))))))))))))))))))))))))))))))))))))))))))))) -> 250
A26: 24 | B26: =SUBSTITUTE(TRIM(LEFT(D26,FIND("-",D26&"-")-1))," ","-") -> DDN-1634 | C26: =TRIM(MID(D26,FIND("-",D26)+1,LEN(D26))) -> TAGBITINAO, GUILON | D26: DDN 1634- TAGBITINAO, GUILON | E26: ILLAINE YBAÑEZ | F26: =IFERROR(VLOOKUP($B26,'EOD - SEPTEMBER 3, 2026'!$B$2:$G$1004,3,FALSE()),0) -> 5420 | G26: =IFERROR(VLOOKUP($B26,'EOD - SEPTEMBER 3, 2026'!$B:$G,6,FALSE()),0) -> 0 | H26: =F26*0.125 -> 677.5 | I26: =F26-G26-H26 -> 4742.5 | J26: =IF((AND(F26>=100,F26<5000)),$J$48,IF((AND(F26>=5000,F26<6000)),$J$49,IF((AND(F26>=6000,F26<7000)),$J$50,IF((AND(F26>=7000,F26<8000)),$J$51,IF((AND(F26>=8000,F26<9000)),$J$52,IF((AND(F26>=9000,F26<10000)),$J$53,IF((AND(F26>=10000,F26<11000)),$J$54,IF((AND(F26>=11000,F26<12000)),$J$55,IF((AND(F26>=12000,F26<13000)),$J$56,IF((AND(F26>=13000,F26<14000)),$J$57,IF((AND(F26>=14000,F26<15000)),$J$58,IF((AND(F26>=15000,F26<16000)),$J$59,IF((AND(F26>=16000,F26<17000)),$J$60,IF((AND(F26>=17000,F26<18000)),$J$61,IF((AND(F26>=18000,F26<19000)),$J$62,IF((AND(F26>=19000,F26<20000)),$J$63,IF((AND(F26>=20000,F26<21000)),$J$64,IF((AND(F26>=21000,F26<22000)),$J$65,IF((AND(F26>=22000,F26<23000)),$J$66,IF((AND(F26>=23000,F26<24000)),$J$67,IF((AND(F26>=24000,F26<25000)),$J$68,IF((AND(F26>=25000,F26<26000)),$J$69,IF((AND(F26>=26000,F26<27000)),$J$70,IF((AND(F26>=27000,F26<28000)),$J$71,IF((AND(F26>=28000,F26<29000)),$J$72,IF((AND(F26>=29000,F26<30000)),$J$73,IF((AND(F26>=30000,F26<31000)),$J$74,IF((AND(F26>=31000,F26<32000)),$J$75,IF((AND(F26>=32000,F26<33000)),$J$76,IF((AND(F26>=33000,F26<34000)),$J$77,IF((AND(F26>=34000,F26<35000)),$J$78,IF((AND(F26>=35000,F26<36000)),$J$79,IF((AND(F26>=36000,F26<37000)),$J$80,IF((AND(F26>=37000,F26<38000)),$J$81,IF((AND(F26>=38000,F26<39000)),$J$82,IF((AND(F26>=39000,F26<40000)),$J$83,IF((AND(F26>=40000,F26<41000)),$J$84,IF((AND(F26>=41000,F26<42000)),$J$85,IF((AND(F26>=42000,F26<43000)),$J$86,IF((AND(F26>=43000,F26<44000)),$J$87,IF((AND(F26>=44000,F26<45000)),$J$88,IF((AND(F26>=45000,F26<46000)),$J$89,IF((AND(F26>=46000,F26<47000)),$J$90,IF((AND(F26>=47000,F26<48000)),$J$91,IF((AND(F26>=48000,F26<49000)),$J$92,IF((AND(F26>=49000,F26<50000)),$J$93,IF((AND(F26>=50000,F26<51000)),$J$94,IF((AND(F26>=51000,F26<52000)),$J$95,IF((AND(F26>=52000,F26<53000)),$J$96,IF((AND(F26>=53000,F26<54000)),$J$97,IF((AND(F26>=54000,F26<55000)),$J$98,IF((AND(F26>=55000,F26<56000)),$J$99,IF((AND(F26>=56000,F26<57000)),$J$100,IF((AND(F26>=57000,F26<58000)),$J$101,IF((AND(F26>=58000,F26<59000)),$J$102,IF((AND(F26>=59000,F26<60000)),$J$103,IF((AND(F26>=60000,F26<61000)),$J$104,"0"))))))))))))))))))))))))))))))))))))))))))))))))))))))))) -> 300
A27: 25 | B27: =SUBSTITUTE(TRIM(LEFT(D27,FIND("-",D27&"-")-1))," ","-") -> DDN-1679 | C27: =TRIM(MID(D27,FIND("-",D27)+1,LEN(D27))) -> P4 CAWAG, IGACOS | D27: DDN 1679- P4 CAWAG, IGACOS | E27: Jasmine Nicole J. Gila | F27: =IFERROR(VLOOKUP($B27,'EOD - SEPTEMBER 3, 2026'!$B$2:$G$1004,3,FALSE()),0) -> 5880 | G27: =IFERROR(VLOOKUP($B27,'EOD - SEPTEMBER 3, 2026'!$B:$G,6,FALSE()),0) -> 0 | H27: =F27*0.125 -> 735 | I27: =F27-G27-H27 -> 5145 | J27: =IF((AND(F27>=100,F27<5000)),$J$48,IF((AND(F27>=5000,F27<6000)),$J$49,IF((AND(F27>=6000,F27<7000)),$J$50,IF((AND(F27>=7000,F27<8000)),$J$51,IF((AND(F27>=8000,F27<9000)),$J$52,IF((AND(F27>=9000,F27<10000)),$J$53,IF((AND(F27>=10000,F27<11000)),$J$54,IF((AND(F27>=11000,F27<12000)),$J$55,IF((AND(F27>=12000,F27<13000)),$J$56,IF((AND(F27>=13000,F27<14000)),$J$57,IF((AND(F27>=14000,F27<15000)),$J$58,IF((AND(F27>=15000,F27<16000)),$J$59,IF((AND(F27>=16000,F27<17000)),$J$60,IF((AND(F27>=17000,F27<18000)),$J$61,IF((AND(F27>=18000,F27<19000)),$J$62,IF((AND(F27>=19000,F27<20000)),$J$63,IF((AND(F27>=20000,F27<21000)),$J$64,IF((AND(F27>=21000,F27<22000)),$J$65,IF((AND(F27>=22000,F27<23000)),$J$66,IF((AND(F27>=23000,F27<24000)),$J$67,IF((AND(F27>=24000,F27<25000)),$J$68,IF((AND(F27>=25000,F27<26000)),$J$69,IF((AND(F27>=26000,F27<27000)),$J$70,IF((AND(F27>=27000,F27<28000)),$J$71,IF((AND(F27>=28000,F27<29000)),$J$72,IF((AND(F27>=29000,F27<30000)),$J$73,IF((AND(F27>=30000,F27<31000)),$J$74,IF((AND(F27>=31000,F27<32000)),$J$75,IF((AND(F27>=32000,F27<33000)),$J$76,IF((AND(F27>=33000,F27<34000)),$J$77,IF((AND(F27>=34000,F27<35000)),$J$78,IF((AND(F27>=35000,F27<36000)),$J$79,IF((AND(F27>=36000,F27<37000)),$J$80,IF((AND(F27>=37000,F27<38000)),$J$81,IF((AND(F27>=38000,F27<39000)),$J$82,IF((AND(F27>=39000,F27<40000)),$J$83,IF((AND(F27>=40000,F27<41000)),$J$84,IF((AND(F27>=41000,F27<42000)),$J$85,IF((AND(F27>=42000,F27<43000)),$J$86,IF((AND(F27>=43000,F27<44000)),$J$87,IF((AND(F27>=44000,F27<45000)),$J$88,IF((AND(F27>=45000,F27<46000)),$J$89,IF((AND(F27>=46000,F27<47000)),$J$90,IF((AND(F27>=47000,F27<48000)),$J$91,IF((AND(F27>=48000,F27<49000)),$J$92,IF((AND(F27>=49000,F27<50000)),$J$93,IF((AND(F27>=50000,F27<51000)),$J$94,IF((AND(F27>=51000,F27<52000)),$J$95,IF((AND(F27>=52000,F27<53000)),$J$96,IF((AND(F27>=53000,F27<54000)),$J$97,IF((AND(F27>=54000,F27<55000)),$J$98,IF((AND(F27>=55000,F27<56000)),$J$99,IF((AND(F27>=56000,F27<57000)),$J$100,IF((AND(F27>=57000,F27<58000)),$J$101,IF((AND(F27>=58000,F27<59000)),$J$102,IF((AND(F27>=59000,F27<60000)),$J$103,IF((AND(F27>=60000,F27<61000)),$J$104,"0"))))))))))))))))))))))))))))))))))))))))))))))))))))))))) -> 300
A28: 26 | B28: =SUBSTITUTE(TRIM(LEFT(D28,FIND("-",D28&"-")-1))," ","-") -> DDN-1714 | C28: =TRIM(MID(D28,FIND("-",D28)+1,LEN(D28))) -> PUROK 1, CAWAG | D28: DDN 1714-PUROK 1, CAWAG | E28: Reisthlle Ann D. Dapiton | F28: =IFERROR(VLOOKUP($B28,'EOD - SEPTEMBER 3, 2026'!$B$2:$G$1004,3,FALSE()),0) -> 3765 | G28: =IFERROR(VLOOKUP($B28,'EOD - SEPTEMBER 3, 2026'!$B:$G,6,FALSE()),0) -> 2400 | H28: =F28*0.125 -> 470.625 | I28: =F28-G28-H28 -> 894.375 | J28: =IF((AND(F28>=100,F28<5000)),$J$48,IF((AND(F28>=5000,F28<6000)),$J$49,IF((AND(F28>=6000,F28<7000)),$J$50,IF((AND(F28>=7000,F28<8000)),$J$51,IF((AND(F28>=8000,F28<9000)),$J$52,IF((AND(F28>=9000,F28<10000)),$J$53,IF((AND(F28>=10000,F28<11000)),$J$54,IF((AND(F28>=11000,F28<12000)),$J$55,IF((AND(F28>=12000,F28<13000)),$J$56,IF((AND(F28>=13000,F28<14000)),$J$57,IF((AND(F28>=14000,F28<15000)),$J$58,IF((AND(F28>=15000,F28<16000)),$J$59,IF((AND(F28>=16000,F28<17000)),$J$60,IF((AND(F28>=17000,F28<18000)),$J$61,IF((AND(F28>=18000,F28<19000)),$J$62,IF((AND(F28>=19000,F28<20000)),$J$63,IF((AND(F28>=20000,F28<21000)),$J$64,IF((AND(F28>=21000,F28<22000)),$J$65,IF((AND(F28>=22000,F28<23000)),$J$66,IF((AND(F28>=23000,F28<24000)),$J$67,IF((AND(F28>=24000,F28<25000)),$J$68,IF((AND(F28>=25000,F28<26000)),$J$69,IF((AND(F28>=26000,F28<27000)),$J$70,IF((AND(F28>=27000,F28<28000)),$J$71,IF((AND(F28>=28000,F28<29000)),$J$72,IF((AND(F28>=29000,F28<30000)),$J$73,IF((AND(F28>=30000,F28<31000)),$J$74,IF((AND(F28>=31000,F28<32000)),$J$75,IF((AND(F28>=32000,F28<33000)),$J$76,IF((AND(F28>=33000,F28<34000)),$J$77,IF((AND(F28>=34000,F28<35000)),$J$78,IF((AND(F28>=35000,F28<36000)),$J$79,IF((AND(F28>=36000,F28<37000)),$J$80,IF((AND(F28>=37000,F28<38000)),$J$81,IF((AND(F28>=38000,F28<39000)),$J$82,IF((AND(F28>=39000,F28<40000)),$J$83,IF((AND(F28>=40000,F28<41000)),$J$84,IF((AND(F28>=41000,F28<42000)),$J$85,IF((AND(F28>=42000,F28<43000)),$J$86,IF((AND(F28>=43000,F28<44000)),$J$87,IF((AND(F28>=44000,F28<45000)),$J$88,IF((AND(F28>=45000,F28<46000)),$J$89,IF((AND(F28>=46000,F28<47000)),$J$90,IF((AND(F28>=47000,F28<48000)),$J$91,IF((AND(F28>=48000,F28<49000)),$J$92,IF((AND(F28>=49000,F28<50000)),$J$93,IF((AND(F28>=50000,F28<51000)),$J$94,IF((AND(F28>=51000,F28<52000)),$J$95,IF((AND(F28>=52000,F28<53000)),$J$96,IF((AND(F28>=53000,F28<54000)),$J$97,IF((AND(F28>=54000,F28<55000)),$J$98,IF((AND(F28>=55000,F28<56000)),$J$99,IF((AND(F28>=56000,F28<57000)),$J$100,IF((AND(F28>=57000,F28<58000)),$J$101,IF((AND(F28>=58000,F28<59000)),$J$102,IF((AND(F28>=59000,F28<60000)),$J$103,IF((AND(F28>=60000,F28<61000)),$J$104,"0"))))))))))))))))))))))))))))))))))))))))))))))))))))))))) -> 250
A29: 27 | B29: =SUBSTITUTE(TRIM(LEFT(D29,FIND("-",D29&"-")-1))," ","-") -> DDN-1737 | C29: =TRIM(MID(D29,FIND("-",D29)+1,LEN(D29))) -> PUROK 3B PARAISO CAWAG | D29: DDN 1737 - PUROK 3B PARAISO CAWAG | E29: Loraine Junatas | F29: =IFERROR(VLOOKUP($B29,'EOD - SEPTEMBER 3, 2026'!$B$2:$G$1004,3,FALSE()),0) -> 2660 | G29: =IFERROR(VLOOKUP($B29,'EOD - SEPTEMBER 3, 2026'!$B:$G,6,FALSE()),0) -> 1200 | H29: =F29*0.125 -> 332.5 | I29: =F29-G29-H29 -> 1127.5 | J29: =IF((AND(F29>=100,F29<5000)),$J$48,IF((AND(F29>=5000,F29<6000)),$J$49,IF((AND(F29>=6000,F29<7000)),$J$50,IF((AND(F29>=7000,F29<8000)),$J$51,IF((AND(F29>=8000,F29<9000)),$J$52,IF((AND(F29>=9000,F29<10000)),$J$53,IF((AND(F29>=10000,F29<11000)),$J$54,IF((AND(F29>=11000,F29<12000)),$J$55,IF((AND(F29>=12000,F29<13000)),$J$56,IF((AND(F29>=13000,F29<14000)),$J$57,IF((AND(F29>=14000,F29<15000)),$J$58,IF((AND(F29>=15000,F29<16000)),$J$59,IF((AND(F29>=16000,F29<17000)),$J$60,IF((AND(F29>=17000,F29<18000)),$J$61,IF((AND(F29>=18000,F29<19000)),$J$62,IF((AND(F29>=19000,F29<20000)),$J$63,IF((AND(F29>=20000,F29<21000)),$J$64,IF((AND(F29>=21000,F29<22000)),$J$65,IF((AND(F29>=22000,F29<23000)),$J$66,IF((AND(F29>=23000,F29<24000)),$J$67,IF((AND(F29>=24000,F29<25000)),$J$68,IF((AND(F29>=25000,F29<26000)),$J$69,IF((AND(F29>=26000,F29<27000)),$J$70,IF((AND(F29>=27000,F29<28000)),$J$71,IF((AND(F29>=28000,F29<29000)),$J$72,IF((AND(F29>=29000,F29<30000)),$J$73,IF((AND(F29>=30000,F29<31000)),$J$74,IF((AND(F29>=31000,F29<32000)),$J$75,IF((AND(F29>=32000,F29<33000)),$J$76,IF((AND(F29>=33000,F29<34000)),$J$77,IF((AND(F29>=34000,F29<35000)),$J$78,IF((AND(F29>=35000,F29<36000)),$J$79,IF((AND(F29>=36000,F29<37000)),$J$80,IF((AND(F29>=37000,F29<38000)),$J$81,IF((AND(F29>=38000,F29<39000)),$J$82,IF((AND(F29>=39000,F29<40000)),$J$83,IF((AND(F29>=40000,F29<41000)),$J$84,IF((AND(F29>=41000,F29<42000)),$J$85,IF((AND(F29>=42000,F29<43000)),$J$86,IF((AND(F29>=43000,F29<44000)),$J$87,IF((AND(F29>=44000,F29<45000)),$J$88,IF((AND(F29>=45000,F29<46000)),$J$89,IF((AND(F29>=46000,F29<47000)),$J$90,IF((AND(F29>=47000,F29<48000)),$J$91,IF((AND(F29>=48000,F29<49000)),$J$92,IF((AND(F29>=49000,F29<50000)),$J$93,IF((AND(F29>=50000,F29<51000)),$J$94,IF((AND(F29>=51000,F29<52000)),$J$95,IF((AND(F29>=52000,F29<53000)),$J$96,IF((AND(F29>=53000,F29<54000)),$J$97,IF((AND(F29>=54000,F29<55000)),$J$98,IF((AND(F29>=55000,F29<56000)),$J$99,IF((AND(F29>=56000,F29<57000)),$J$100,IF((AND(F29>=57000,F29<58000)),$J$101,IF((AND(F29>=58000,F29<59000)),$J$102,IF((AND(F29>=59000,F29<60000)),$J$103,IF((AND(F29>=60000,F29<61000)),$J$104,"0"))))))))))))))))))))))))))))))))))))))))))))))))))))))))) -> 250
A30: 28 | B30: DDN-1757 | C30: Purok 6, Aumbay, Samal City | E30: Janilyn Buragay Callano | F30: =IFERROR(VLOOKUP($B30,'EOD - SEPTEMBER 3, 2026'!$B$2:$G$1004,3,FALSE()),0) -> 4050 | G30: =IFERROR(VLOOKUP($B30,'EOD - SEPTEMBER 3, 2026'!$B:$G,6,FALSE()),0) -> 1600 | H30: =F30*0.125 -> 506.25 | I30: =F30-G30-H30 -> 1943.75 | J30: =IF((AND(F30>=100,F30<5000)),$J$48,IF((AND(F30>=5000,F30<6000)),$J$49,IF((AND(F30>=6000,F30<7000)),$J$50,IF((AND(F30>=7000,F30<8000)),$J$51,IF((AND(F30>=8000,F30<9000)),$J$52,IF((AND(F30>=9000,F30<10000)),$J$53,IF((AND(F30>=10000,F30<11000)),$J$54,IF((AND(F30>=11000,F30<12000)),$J$55,IF((AND(F30>=12000,F30<13000)),$J$56,IF((AND(F30>=13000,F30<14000)),$J$57,IF((AND(F30>=14000,F30<15000)),$J$58,IF((AND(F30>=15000,F30<16000)),$J$59,IF((AND(F30>=16000,F30<17000)),$J$60,IF((AND(F30>=17000,F30<18000)),$J$61,IF((AND(F30>=18000,F30<19000)),$J$62,IF((AND(F30>=19000,F30<20000)),$J$63,IF((AND(F30>=20000,F30<21000)),$J$64,IF((AND(F30>=21000,F30<22000)),$J$65,IF((AND(F30>=22000,F30<23000)),$J$66,IF((AND(F30>=23000,F30<24000)),$J$67,IF((AND(F30>=24000,F30<25000)),$J$68,IF((AND(F30>=25000,F30<26000)),$J$69,IF((AND(F30>=26000,F30<27000)),$J$70,IF((AND(F30>=27000,F30<28000)),$J$71,IF((AND(F30>=28000,F30<29000)),$J$72,IF((AND(F30>=29000,F30<30000)),$J$73,IF((AND(F30>=30000,F30<31000)),$J$74,IF((AND(F30>=31000,F30<32000)),$J$75,IF((AND(F30>=32000,F30<33000)),$J$76,IF((AND(F30>=33000,F30<34000)),$J$77,IF((AND(F30>=34000,F30<35000)),$J$78,IF((AND(F30>=35000,F30<36000)),$J$79,IF((AND(F30>=36000,F30<37000)),$J$80,IF((AND(F30>=37000,F30<38000)),$J$81,IF((AND(F30>=38000,F30<39000)),$J$82,IF((AND(F30>=39000,F30<40000)),$J$83,IF((AND(F30>=40000,F30<41000)),$J$84,IF((AND(F30>=41000,F30<42000)),$J$85,IF((AND(F30>=42000,F30<43000)),$J$86,IF((AND(F30>=43000,F30<44000)),$J$87,IF((AND(F30>=44000,F30<45000)),$J$88,IF((AND(F30>=45000,F30<46000)),$J$89,IF((AND(F30>=46000,F30<47000)),$J$90,IF((AND(F30>=47000,F30<48000)),$J$91,IF((AND(F30>=48000,F30<49000)),$J$92,IF((AND(F30>=49000,F30<50000)),$J$93,IF((AND(F30>=50000,F30<51000)),$J$94,IF((AND(F30>=51000,F30<52000)),$J$95,IF((AND(F30>=52000,F30<53000)),$J$96,IF((AND(F30>=53000,F30<54000)),$J$97,IF((AND(F30>=54000,F30<55000)),$J$98,IF((AND(F30>=55000,F30<56000)),$J$99,IF((AND(F30>=56000,F30<57000)),$J$100,IF((AND(F30>=57000,F30<58000)),$J$101,IF((AND(F30>=58000,F30<59000)),$J$102,IF((AND(F30>=59000,F30<60000)),$J$103,IF((AND(F30>=60000,F30<61000)),$J$104,"0"))))))))))))))))))))))))))))))))))))))))))))))))))))))))) -> 250
A31: 29 | B31: DDN-1758 | C31: Purok 5A Tagbay, Samal | E31: Chen A. Canillo | F31: =IFERROR(VLOOKUP($B31,'EOD - SEPTEMBER 3, 2026'!$B$2:$G$1004,3,FALSE()),0) -> 1640 | G31: =IFERROR(VLOOKUP($B31,'EOD - SEPTEMBER 3, 2026'!$B:$G,6,FALSE()),0) -> 800 | H31: =F31*0.125 -> 205 | I31: =F31-G31-H31 -> 635 | J31: =IF((AND(F31>=100,F31<5000)),$J$48,IF((AND(F31>=5000,F31<6000)),$J$49,IF((AND(F31>=6000,F31<7000)),$J$50,IF((AND(F31>=7000,F31<8000)),$J$51,IF((AND(F31>=8000,F31<9000)),$J$52,IF((AND(F31>=9000,F31<10000)),$J$53,IF((AND(F31>=10000,F31<11000)),$J$54,IF((AND(F31>=11000,F31<12000)),$J$55,IF((AND(F31>=12000,F31<13000)),$J$56,IF((AND(F31>=13000,F31<14000)),$J$57,IF((AND(F31>=14000,F31<15000)),$J$58,IF((AND(F31>=15000,F31<16000)),$J$59,IF((AND(F31>=16000,F31<17000)),$J$60,IF((AND(F31>=17000,F31<18000)),$J$61,IF((AND(F31>=18000,F31<19000)),$J$62,IF((AND(F31>=19000,F31<20000)),$J$63,IF((AND(F31>=20000,F31<21000)),$J$64,IF((AND(F31>=21000,F31<22000)),$J$65,IF((AND(F31>=22000,F31<23000)),$J$66,IF((AND(F31>=23000,F31<24000)),$J$67,IF((AND(F31>=24000,F31<25000)),$J$68,IF((AND(F31>=25000,F31<26000)),$J$69,IF((AND(F31>=26000,F31<27000)),$J$70,IF((AND(F31>=27000,F31<28000)),$J$71,IF((AND(F31>=28000,F31<29000)),$J$72,IF((AND(F31>=29000,F31<30000)),$J$73,IF((AND(F31>=30000,F31<31000)),$J$74,IF((AND(F31>=31000,F31<32000)),$J$75,IF((AND(F31>=32000,F31<33000)),$J$76,IF((AND(F31>=33000,F31<34000)),$J$77,IF((AND(F31>=34000,F31<35000)),$J$78,IF((AND(F31>=35000,F31<36000)),$J$79,IF((AND(F31>=36000,F31<37000)),$J$80,IF((AND(F31>=37000,F31<38000)),$J$81,IF((AND(F31>=38000,F31<39000)),$J$82,IF((AND(F31>=39000,F31<40000)),$J$83,IF((AND(F31>=40000,F31<41000)),$J$84,IF((AND(F31>=41000,F31<42000)),$J$85,IF((AND(F31>=42000,F31<43000)),$J$86,IF((AND(F31>=43000,F31<44000)),$J$87,IF((AND(F31>=44000,F31<45000)),$J$88,IF((AND(F31>=45000,F31<46000)),$J$89,IF((AND(F31>=46000,F31<47000)),$J$90,IF((AND(F31>=47000,F31<48000)),$J$91,IF((AND(F31>=48000,F31<49000)),$J$92,IF((AND(F31>=49000,F31<50000)),$J$93,IF((AND(F31>=50000,F31<51000)),$J$94,IF((AND(F31>=51000,F31<52000)),$J$95,IF((AND(F31>=52000,F31<53000)),$J$96,IF((AND(F31>=53000,F31<54000)),$J$97,IF((AND(F31>=54000,F31<55000)),$J$98,IF((AND(F31>=55000,F31<56000)),$J$99,IF((AND(F31>=56000,F31<57000)),$J$100,IF((AND(F31>=57000,F31<58000)),$J$101,IF((AND(F31>=58000,F31<59000)),$J$102,IF((AND(F31>=59000,F31<60000)),$J$103,IF((AND(F31>=60000,F31<61000)),$J$104,"0"))))))))))))))))))))))))))))))))))))))))))))))))))))))))) -> 250
A32: 30 | B32: DDN-1755 | C32: PRK 3 COGON | F32: =IFERROR(VLOOKUP($B32,'EOD - SEPTEMBER 3, 2026'!$B$2:$G$1004,3,FALSE()),0) -> 0 | G32: =IFERROR(VLOOKUP($B32,'EOD - SEPTEMBER 3, 2026'!$B:$G,6,FALSE()),0) -> 0 | H32: =F32*0.125 -> 0 | I32: =F32-G32-H32 -> 0 | J32: =IF((AND(F32>=100,F32<5000)),$J$48,IF((AND(F32>=5000,F32<6000)),$J$49,IF((AND(F32>=6000,F32<7000)),$J$50,IF((AND(F32>=7000,F32<8000)),$J$51,IF((AND(F32>=8000,F32<9000)),$J$52,IF((AND(F32>=9000,F32<10000)),$J$53,IF((AND(F32>=10000,F32<11000)),$J$54,IF((AND(F32>=11000,F32<12000)),$J$55,IF((AND(F32>=12000,F32<13000)),$J$56,IF((AND(F32>=13000,F32<14000)),$J$57,IF((AND(F32>=14000,F32<15000)),$J$58,IF((AND(F32>=15000,F32<16000)),$J$59,IF((AND(F32>=16000,F32<17000)),$J$60,IF((AND(F32>=17000,F32<18000)),$J$61,IF((AND(F32>=18000,F32<19000)),$J$62,IF((AND(F32>=19000,F32<20000)),$J$63,IF((AND(F32>=20000,F32<21000)),$J$64,IF((AND(F32>=21000,F32<22000)),$J$65,IF((AND(F32>=22000,F32<23000)),$J$66,IF((AND(F32>=23000,F32<24000)),$J$67,IF((AND(F32>=24000,F32<25000)),$J$68,IF((AND(F32>=25000,F32<26000)),$J$69,IF((AND(F32>=26000,F32<27000)),$J$70,IF((AND(F32>=27000,F32<28000)),$J$71,IF((AND(F32>=28000,F32<29000)),$J$72,IF((AND(F32>=29000,F32<30000)),$J$73,IF((AND(F32>=30000,F32<31000)),$J$74,IF((AND(F32>=31000,F32<32000)),$J$75,IF((AND(F32>=32000,F32<33000)),$J$76,IF((AND(F32>=33000,F32<34000)),$J$77,IF((AND(F32>=34000,F32<35000)),$J$78,IF((AND(F32>=35000,F32<36000)),$J$79,IF((AND(F32>=36000,F32<37000)),$J$80,IF((AND(F32>=37000,F32<38000)),$J$81,IF((AND(F32>=38000,F32<39000)),$J$82,IF((AND(F32>=39000,F32<40000)),$J$83,IF((AND(F32>=40000,F32<41000)),$J$84,IF((AND(F32>=41000,F32<42000)),$J$85,IF((AND(F32>=42000,F32<43000)),$J$86,IF((AND(F32>=43000,F32<44000)),$J$87,IF((AND(F32>=44000,F32<45000)),$J$88,IF((AND(F32>=45000,F32<46000)),$J$89,IF((AND(F32>=46000,F32<47000)),$J$90,IF((AND(F32>=47000,F32<48000)),$J$91,IF((AND(F32>=48000,F32<49000)),$J$92,IF((AND(F32>=49000,F32<50000)),$J$93,IF((AND(F32>=50000,F32<51000)),$J$94,IF((AND(F32>=51000,F32<52000)),$J$95,IF((AND(F32>=52000,F32<53000)),$J$96,IF((AND(F32>=53000,F32<54000)),$J$97,IF((AND(F32>=54000,F32<55000)),$J$98,IF((AND(F32>=55000,F32<56000)),$J$99,IF((AND(F32>=56000,F32<57000)),$J$100,IF((AND(F32>=57000,F32<58000)),$J$101,IF((AND(F32>=58000,F32<59000)),$J$102,IF((AND(F32>=59000,F32<60000)),$J$103,IF((AND(F32>=60000,F32<61000)),$J$104,"0"))))))))))))))))))))))))))))))))))))))))))))))))))))))))) -> 0
A33: 31 | B33: DDN-1756 | C33: PRK 3A PEÑAPLATA, SAMAL | E33: ANNALYN CUENCO | F33: =IFERROR(VLOOKUP($B33,'EOD - SEPTEMBER 3, 2026'!$B$2:$G$1004,3,FALSE()),0) -> 6189 | G33: =IFERROR(VLOOKUP($B33,'EOD - SEPTEMBER 3, 2026'!$B:$G,6,FALSE()),0) -> 4400 | H33: =F33*0.125 -> 773.625 | I33: =F33-G33-H33 -> 1015.375 | J33: =IF((AND(F33>=100,F33<5000)),$J$48,IF((AND(F33>=5000,F33<6000)),$J$49,IF((AND(F33>=6000,F33<7000)),$J$50,IF((AND(F33>=7000,F33<8000)),$J$51,IF((AND(F33>=8000,F33<9000)),$J$52,IF((AND(F33>=9000,F33<10000)),$J$53,IF((AND(F33>=10000,F33<11000)),$J$54,IF((AND(F33>=11000,F33<12000)),$J$55,IF((AND(F33>=12000,F33<13000)),$J$56,IF((AND(F33>=13000,F33<14000)),$J$57,IF((AND(F33>=14000,F33<15000)),$J$58,IF((AND(F33>=15000,F33<16000)),$J$59,IF((AND(F33>=16000,F33<17000)),$J$60,IF((AND(F33>=17000,F33<18000)),$J$61,IF((AND(F33>=18000,F33<19000)),$J$62,IF((AND(F33>=19000,F33<20000)),$J$63,IF((AND(F33>=20000,F33<21000)),$J$64,IF((AND(F33>=21000,F33<22000)),$J$65,IF((AND(F33>=22000,F33<23000)),$J$66,IF((AND(F33>=23000,F33<24000)),$J$67,IF((AND(F33>=24000,F33<25000)),$J$68,IF((AND(F33>=25000,F33<26000)),$J$69,IF((AND(F33>=26000,F33<27000)),$J$70,IF((AND(F33>=27000,F33<28000)),$J$71,IF((AND(F33>=28000,F33<29000)),$J$72,IF((AND(F33>=29000,F33<30000)),$J$73,IF((AND(F33>=30000,F33<31000)),$J$74,IF((AND(F33>=31000,F33<32000)),$J$75,IF((AND(F33>=32000,F33<33000)),$J$76,IF((AND(F33>=33000,F33<34000)),$J$77,IF((AND(F33>=34000,F33<35000)),$J$78,IF((AND(F33>=35000,F33<36000)),$J$79,IF((AND(F33>=36000,F33<37000)),$J$80,IF((AND(F33>=37000,F33<38000)),$J$81,IF((AND(F33>=38000,F33<39000)),$J$82,IF((AND(F33>=39000,F33<40000)),$J$83,IF((AND(F33>=40000,F33<41000)),$J$84,IF((AND(F33>=41000,F33<42000)),$J$85,IF((AND(F33>=42000,F33<43000)),$J$86,IF((AND(F33>=43000,F33<44000)),$J$87,IF((AND(F33>=44000,F33<45000)),$J$88,IF((AND(F33>=45000,F33<46000)),$J$89,IF((AND(F33>=46000,F33<47000)),$J$90,IF((AND(F33>=47000,F33<48000)),$J$91,IF((AND(F33>=48000,F33<49000)),$J$92,IF((AND(F33>=49000,F33<50000)),$J$93,IF((AND(F33>=50000,F33<51000)),$J$94,IF((AND(F33>=51000,F33<52000)),$J$95,IF((AND(F33>=52000,F33<53000)),$J$96,IF((AND(F33>=53000,F33<54000)),$J$97,IF((AND(F33>=54000,F33<55000)),$J$98,IF((AND(F33>=55000,F33<56000)),$J$99,IF((AND(F33>=56000,F33<57000)),$J$100,IF((AND(F33>=57000,F33<58000)),$J$101,IF((AND(F33>=58000,F33<59000)),$J$102,IF((AND(F33>=59000,F33<60000)),$J$103,IF((AND(F33>=60000,F33<61000)),$J$104,"0"))))))))))))))))))))))))))))))))))))))))))))))))))))))))) -> 310
A34: 32 | B34: DDN-1759 | C34: PRK KALACHOCHI, TAGBAOBO | E34: Aiza Jane Batucan | F34: =IFERROR(VLOOKUP($B34,'EOD - SEPTEMBER 3, 2026'!$B$2:$G$1004,3,FALSE()),0) -> 3794 | G34: =IFERROR(VLOOKUP($B34,'EOD - SEPTEMBER 3, 2026'!$B:$G,6,FALSE()),0) -> 2400 | H34: =F34*0.125 -> 474.25 | I34: =F34-G34-H34 -> 919.75 | J34: =IF((AND(F34>=100,F34<5000)),$J$48,IF((AND(F34>=5000,F34<6000)),$J$49,IF((AND(F34>=6000,F34<7000)),$J$50,IF((AND(F34>=7000,F34<8000)),$J$51,IF((AND(F34>=8000,F34<9000)),$J$52,IF((AND(F34>=9000,F34<10000)),$J$53,IF((AND(F34>=10000,F34<11000)),$J$54,IF((AND(F34>=11000,F34<12000)),$J$55,IF((AND(F34>=12000,F34<13000)),$J$56,IF((AND(F34>=13000,F34<14000)),$J$57,IF((AND(F34>=14000,F34<15000)),$J$58,IF((AND(F34>=15000,F34<16000)),$J$59,IF((AND(F34>=16000,F34<17000)),$J$60,IF((AND(F34>=17000,F34<18000)),$J$61,IF((AND(F34>=18000,F34<19000)),$J$62,IF((AND(F34>=19000,F34<20000)),$J$63,IF((AND(F34>=20000,F34<21000)),$J$64,IF((AND(F34>=21000,F34<22000)),$J$65,IF((AND(F34>=22000,F34<23000)),$J$66,IF((AND(F34>=23000,F34<24000)),$J$67,IF((AND(F34>=24000,F34<25000)),$J$68,IF((AND(F34>=25000,F34<26000)),$J$69,IF((AND(F34>=26000,F34<27000)),$J$70,IF((AND(F34>=27000,F34<28000)),$J$71,IF((AND(F34>=28000,F34<29000)),$J$72,IF((AND(F34>=29000,F34<30000)),$J$73,IF((AND(F34>=30000,F34<31000)),$J$74,IF((AND(F34>=31000,F34<32000)),$J$75,IF((AND(F34>=32000,F34<33000)),$J$76,IF((AND(F34>=33000,F34<34000)),$J$77,IF((AND(F34>=34000,F34<35000)),$J$78,IF((AND(F34>=35000,F34<36000)),$J$79,IF((AND(F34>=36000,F34<37000)),$J$80,IF((AND(F34>=37000,F34<38000)),$J$81,IF((AND(F34>=38000,F34<39000)),$J$82,IF((AND(F34>=39000,F34<40000)),$J$83,IF((AND(F34>=40000,F34<41000)),$J$84,IF((AND(F34>=41000,F34<42000)),$J$85,IF((AND(F34>=42000,F34<43000)),$J$86,IF((AND(F34>=43000,F34<44000)),$J$87,IF((AND(F34>=44000,F34<45000)),$J$88,IF((AND(F34>=45000,F34<46000)),$J$89,IF((AND(F34>=46000,F34<47000)),$J$90,IF((AND(F34>=47000,F34<48000)),$J$91,IF((AND(F34>=48000,F34<49000)),$J$92,IF((AND(F34>=49000,F34<50000)),$J$93,IF((AND(F34>=50000,F34<51000)),$J$94,IF((AND(F34>=51000,F34<52000)),$J$95,IF((AND(F34>=52000,F34<53000)),$J$96,IF((AND(F34>=53000,F34<54000)),$J$97,IF((AND(F34>=54000,F34<55000)),$J$98,IF((AND(F34>=55000,F34<56000)),$J$99,IF((AND(F34>=56000,F34<57000)),$J$100,IF((AND(F34>=57000,F34<58000)),$J$101,IF((AND(F34>=58000,F34<59000)),$J$102,IF((AND(F34>=59000,F34<60000)),$J$103,IF((AND(F34>=60000,F34<61000)),$J$104,"0"))))))))))))))))))))))))))))))))))))))))))))))))))))))))) -> 250
A35: 33 | B35: DDN-1760 | C35: PRK ROSAL LIBOT, TAGBAOBO | F35: =IFERROR(VLOOKUP($B35,'EOD - SEPTEMBER 3, 2026'!$B$2:$G$1004,3,FALSE()),0) -> 0 | G35: =IFERROR(VLOOKUP($B35,'EOD - SEPTEMBER 3, 2026'!$B:$G,6,FALSE()),0) -> 0 | H35: =F35*0.125 -> 0 | I35: =F35-G35-H35 -> 0 | J35: =IF((AND(F35>=100,F35<5000)),$J$48,IF((AND(F35>=5000,F35<6000)),$J$49,IF((AND(F35>=6000,F35<7000)),$J$50,IF((AND(F35>=7000,F35<8000)),$J$51,IF((AND(F35>=8000,F35<9000)),$J$52,IF((AND(F35>=9000,F35<10000)),$J$53,IF((AND(F35>=10000,F35<11000)),$J$54,IF((AND(F35>=11000,F35<12000)),$J$55,IF((AND(F35>=12000,F35<13000)),$J$56,IF((AND(F35>=13000,F35<14000)),$J$57,IF((AND(F35>=14000,F35<15000)),$J$58,IF((AND(F35>=15000,F35<16000)),$J$59,IF((AND(F35>=16000,F35<17000)),$J$60,IF((AND(F35>=17000,F35<18000)),$J$61,IF((AND(F35>=18000,F35<19000)),$J$62,IF((AND(F35>=19000,F35<20000)),$J$63,IF((AND(F35>=20000,F35<21000)),$J$64,IF((AND(F35>=21000,F35<22000)),$J$65,IF((AND(F35>=22000,F35<23000)),$J$66,IF((AND(F35>=23000,F35<24000)),$J$67,IF((AND(F35>=24000,F35<25000)),$J$68,IF((AND(F35>=25000,F35<26000)),$J$69,IF((AND(F35>=26000,F35<27000)),$J$70,IF((AND(F35>=27000,F35<28000)),$J$71,IF((AND(F35>=28000,F35<29000)),$J$72,IF((AND(F35>=29000,F35<30000)),$J$73,IF((AND(F35>=30000,F35<31000)),$J$74,IF((AND(F35>=31000,F35<32000)),$J$75,IF((AND(F35>=32000,F35<33000)),$J$76,IF((AND(F35>=33000,F35<34000)),$J$77,IF((AND(F35>=34000,F35<35000)),$J$78,IF((AND(F35>=35000,F35<36000)),$J$79,IF((AND(F35>=36000,F35<37000)),$J$80,IF((AND(F35>=37000,F35<38000)),$J$81,IF((AND(F35>=38000,F35<39000)),$J$82,IF((AND(F35>=39000,F35<40000)),$J$83,IF((AND(F35>=40000,F35<41000)),$J$84,IF((AND(F35>=41000,F35<42000)),$J$85,IF((AND(F35>=42000,F35<43000)),$J$86,IF((AND(F35>=43000,F35<44000)),$J$87,IF((AND(F35>=44000,F35<45000)),$J$88,IF((AND(F35>=45000,F35<46000)),$J$89,IF((AND(F35>=46000,F35<47000)),$J$90,IF((AND(F35>=47000,F35<48000)),$J$91,IF((AND(F35>=48000,F35<49000)),$J$92,IF((AND(F35>=49000,F35<50000)),$J$93,IF((AND(F35>=50000,F35<51000)),$J$94,IF((AND(F35>=51000,F35<52000)),$J$95,IF((AND(F35>=52000,F35<53000)),$J$96,IF((AND(F35>=53000,F35<54000)),$J$97,IF((AND(F35>=54000,F35<55000)),$J$98,IF((AND(F35>=55000,F35<56000)),$J$99,IF((AND(F35>=56000,F35<57000)),$J$100,IF((AND(F35>=57000,F35<58000)),$J$101,IF((AND(F35>=58000,F35<59000)),$J$102,IF((AND(F35>=59000,F35<60000)),$J$103,IF((AND(F35>=60000,F35<61000)),$J$104,"0"))))))))))))))))))))))))))))))))))))))))))))))))))))))))) -> 0
A36: 34 | B36: DDN-1761 | C36: PRK 7, AZUCENA, TAGBAOBO | E36: LEZEL IBANEZ | F36: =IFERROR(VLOOKUP($B36,'EOD - SEPTEMBER 3, 2026'!$B$2:$G$1004,3,FALSE()),0) -> 3075 | G36: =IFERROR(VLOOKUP($B36,'EOD - SEPTEMBER 3, 2026'!$B:$G,6,FALSE()),0) -> 0 | H36: =F36*0.125 -> 384.375 | I36: =F36-G36-H36 -> 2690.625 | J36: =IF((AND(F36>=100,F36<5000)),$J$48,IF((AND(F36>=5000,F36<6000)),$J$49,IF((AND(F36>=6000,F36<7000)),$J$50,IF((AND(F36>=7000,F36<8000)),$J$51,IF((AND(F36>=8000,F36<9000)),$J$52,IF((AND(F36>=9000,F36<10000)),$J$53,IF((AND(F36>=10000,F36<11000)),$J$54,IF((AND(F36>=11000,F36<12000)),$J$55,IF((AND(F36>=12000,F36<13000)),$J$56,IF((AND(F36>=13000,F36<14000)),$J$57,IF((AND(F36>=14000,F36<15000)),$J$58,IF((AND(F36>=15000,F36<16000)),$J$59,IF((AND(F36>=16000,F36<17000)),$J$60,IF((AND(F36>=17000,F36<18000)),$J$61,IF((AND(F36>=18000,F36<19000)),$J$62,IF((AND(F36>=19000,F36<20000)),$J$63,IF((AND(F36>=20000,F36<21000)),$J$64,IF((AND(F36>=21000,F36<22000)),$J$65,IF((AND(F36>=22000,F36<23000)),$J$66,IF((AND(F36>=23000,F36<24000)),$J$67,IF((AND(F36>=24000,F36<25000)),$J$68,IF((AND(F36>=25000,F36<26000)),$J$69,IF((AND(F36>=26000,F36<27000)),$J$70,IF((AND(F36>=27000,F36<28000)),$J$71,IF((AND(F36>=28000,F36<29000)),$J$72,IF((AND(F36>=29000,F36<30000)),$J$73,IF((AND(F36>=30000,F36<31000)),$J$74,IF((AND(F36>=31000,F36<32000)),$J$75,IF((AND(F36>=32000,F36<33000)),$J$76,IF((AND(F36>=33000,F36<34000)),$J$77,IF((AND(F36>=34000,F36<35000)),$J$78,IF((AND(F36>=35000,F36<36000)),$J$79,IF((AND(F36>=36000,F36<37000)),$J$80,IF((AND(F36>=37000,F36<38000)),$J$81,IF((AND(F36>=38000,F36<39000)),$J$82,IF((AND(F36>=39000,F36<40000)),$J$83,IF((AND(F36>=40000,F36<41000)),$J$84,IF((AND(F36>=41000,F36<42000)),$J$85,IF((AND(F36>=42000,F36<43000)),$J$86,IF((AND(F36>=43000,F36<44000)),$J$87,IF((AND(F36>=44000,F36<45000)),$J$88,IF((AND(F36>=45000,F36<46000)),$J$89,IF((AND(F36>=46000,F36<47000)),$J$90,IF((AND(F36>=47000,F36<48000)),$J$91,IF((AND(F36>=48000,F36<49000)),$J$92,IF((AND(F36>=49000,F36<50000)),$J$93,IF((AND(F36>=50000,F36<51000)),$J$94,IF((AND(F36>=51000,F36<52000)),$J$95,IF((AND(F36>=52000,F36<53000)),$J$96,IF((AND(F36>=53000,F36<54000)),$J$97,IF((AND(F36>=54000,F36<55000)),$J$98,IF((AND(F36>=55000,F36<56000)),$J$99,IF((AND(F36>=56000,F36<57000)),$J$100,IF((AND(F36>=57000,F36<58000)),$J$101,IF((AND(F36>=58000,F36<59000)),$J$102,IF((AND(F36>=59000,F36<60000)),$J$103,IF((AND(F36>=60000,F36<61000)),$J$104,"0"))))))))))))))))))))))))))))))))))))))))))))))))))))))))) -> 250
A37: 35 | B37: DDN-1762 | C37: PRK CACAO, KAPUTIAN | F37: =IFERROR(VLOOKUP($B37,'EOD - SEPTEMBER 3, 2026'!$B$2:$G$1004,3,FALSE()),0) -> 0 | G37: =IFERROR(VLOOKUP($B37,'EOD - SEPTEMBER 3, 2026'!$B:$G,6,FALSE()),0) -> 0 | H37: =F37*0.125 -> 0 | I37: =F37-G37-H37 -> 0 | J37: =IF((AND(F37>=100,F37<5000)),$J$48,IF((AND(F37>=5000,F37<6000)),$J$49,IF((AND(F37>=6000,F37<7000)),$J$50,IF((AND(F37>=7000,F37<8000)),$J$51,IF((AND(F37>=8000,F37<9000)),$J$52,IF((AND(F37>=9000,F37<10000)),$J$53,IF((AND(F37>=10000,F37<11000)),$J$54,IF((AND(F37>=11000,F37<12000)),$J$55,IF((AND(F37>=12000,F37<13000)),$J$56,IF((AND(F37>=13000,F37<14000)),$J$57,IF((AND(F37>=14000,F37<15000)),$J$58,IF((AND(F37>=15000,F37<16000)),$J$59,IF((AND(F37>=16000,F37<17000)),$J$60,IF((AND(F37>=17000,F37<18000)),$J$61,IF((AND(F37>=18000,F37<19000)),$J$62,IF((AND(F37>=19000,F37<20000)),$J$63,IF((AND(F37>=20000,F37<21000)),$J$64,IF((AND(F37>=21000,F37<22000)),$J$65,IF((AND(F37>=22000,F37<23000)),$J$66,IF((AND(F37>=23000,F37<24000)),$J$67,IF((AND(F37>=24000,F37<25000)),$J$68,IF((AND(F37>=25000,F37<26000)),$J$69,IF((AND(F37>=26000,F37<27000)),$J$70,IF((AND(F37>=27000,F37<28000)),$J$71,IF((AND(F37>=28000,F37<29000)),$J$72,IF((AND(F37>=29000,F37<30000)),$J$73,IF((AND(F37>=30000,F37<31000)),$J$74,IF((AND(F37>=31000,F37<32000)),$J$75,IF((AND(F37>=32000,F37<33000)),$J$76,IF((AND(F37>=33000,F37<34000)),$J$77,IF((AND(F37>=34000,F37<35000)),$J$78,IF((AND(F37>=35000,F37<36000)),$J$79,IF((AND(F37>=36000,F37<37000)),$J$80,IF((AND(F37>=37000,F37<38000)),$J$81,IF((AND(F37>=38000,F37<39000)),$J$82,IF((AND(F37>=39000,F37<40000)),$J$83,IF((AND(F37>=40000,F37<41000)),$J$84,IF((AND(F37>=41000,F37<42000)),$J$85,IF((AND(F37>=42000,F37<43000)),$J$86,IF((AND(F37>=43000,F37<44000)),$J$87,IF((AND(F37>=44000,F37<45000)),$J$88,IF((AND(F37>=45000,F37<46000)),$J$89,IF((AND(F37>=46000,F37<47000)),$J$90,IF((AND(F37>=47000,F37<48000)),$J$91,IF((AND(F37>=48000,F37<49000)),$J$92,IF((AND(F37>=49000,F37<50000)),$J$93,IF((AND(F37>=50000,F37<51000)),$J$94,IF((AND(F37>=51000,F37<52000)),$J$95,IF((AND(F37>=52000,F37<53000)),$J$96,IF((AND(F37>=53000,F37<54000)),$J$97,IF((AND(F37>=54000,F37<55000)),$J$98,IF((AND(F37>=55000,F37<56000)),$J$99,IF((AND(F37>=56000,F37<57000)),$J$100,IF((AND(F37>=57000,F37<58000)),$J$101,IF((AND(F37>=58000,F37<59000)),$J$102,IF((AND(F37>=59000,F37<60000)),$J$103,IF((AND(F37>=60000,F37<61000)),$J$104,"0"))))))))))))))))))))))))))))))))))))))))))))))))))))))))) -> 0
A38: 36 | B38: DDN-1763 | C38: PRK 3B, ANUNANG | E38: Divine Lazo | F38: =IFERROR(VLOOKUP($B38,'EOD - SEPTEMBER 3, 2026'!$B$2:$G$1004,3,FALSE()),0) -> 0 | G38: =IFERROR(VLOOKUP($B38,'EOD - SEPTEMBER 3, 2026'!$B:$G,6,FALSE()),0) -> 0 | H38: =F38*0.125 -> 0 | I38: =F38-G38-H38 -> 0
A39: 37 | B39: DDN-1764 | C39: PRK 16, KAPUTIAN | E39: Ikn Dzaia L. Peroso | F39: =IFERROR(VLOOKUP($B39,'EOD - SEPTEMBER 3, 2026'!$B$2:$G$1004,3,FALSE()),0) -> 5669 | G39: =IFERROR(VLOOKUP($B39,'EOD - SEPTEMBER 3, 2026'!$B:$G,6,FALSE()),0) -> 0 | H39: =F39*0.125 -> 708.625 | I39: =F39-G39-H39 -> 4960.375 | J39: =IF((AND(F39>=100,F39<5000)),$J$48,IF((AND(F39>=5000,F39<6000)),$J$49,IF((AND(F39>=6000,F39<7000)),$J$50,IF((AND(F39>=7000,F39<8000)),$J$51,IF((AND(F39>=8000,F39<9000)),$J$52,IF((AND(F39>=9000,F39<10000)),$J$53,IF((AND(F39>=10000,F39<11000)),$J$54,IF((AND(F39>=11000,F39<12000)),$J$55,IF((AND(F39>=12000,F39<13000)),$J$56,IF((AND(F39>=13000,F39<14000)),$J$57,IF((AND(F39>=14000,F39<15000)),$J$58,IF((AND(F39>=15000,F39<16000)),$J$59,IF((AND(F39>=16000,F39<17000)),$J$60,IF((AND(F39>=17000,F39<18000)),$J$61,IF((AND(F39>=18000,F39<19000)),$J$62,IF((AND(F39>=19000,F39<20000)),$J$63,IF((AND(F39>=20000,F39<21000)),$J$64,IF((AND(F39>=21000,F39<22000)),$J$65,IF((AND(F39>=22000,F39<23000)),$J$66,IF((AND(F39>=23000,F39<24000)),$J$67,IF((AND(F39>=24000,F39<25000)),$J$68,IF((AND(F39>=25000,F39<26000)),$J$69,IF((AND(F39>=26000,F39<27000)),$J$70,IF((AND(F39>=27000,F39<28000)),$J$71,IF((AND(F39>=28000,F39<29000)),$J$72,IF((AND(F39>=29000,F39<30000)),$J$73,IF((AND(F39>=30000,F39<31000)),$J$74,IF((AND(F39>=31000,F39<32000)),$J$75,IF((AND(F39>=32000,F39<33000)),$J$76,IF((AND(F39>=33000,F39<34000)),$J$77,IF((AND(F39>=34000,F39<35000)),$J$78,IF((AND(F39>=35000,F39<36000)),$J$79,IF((AND(F39>=36000,F39<37000)),$J$80,IF((AND(F39>=37000,F39<38000)),$J$81,IF((AND(F39>=38000,F39<39000)),$J$82,IF((AND(F39>=39000,F39<40000)),$J$83,IF((AND(F39>=40000,F39<41000)),$J$84,IF((AND(F39>=41000,F39<42000)),$J$85,IF((AND(F39>=42000,F39<43000)),$J$86,IF((AND(F39>=43000,F39<44000)),$J$87,IF((AND(F39>=44000,F39<45000)),$J$88,IF((AND(F39>=45000,F39<46000)),$J$89,IF((AND(F39>=46000,F39<47000)),$J$90,IF((AND(F39>=47000,F39<48000)),$J$91,IF((AND(F39>=48000,F39<49000)),$J$92,IF((AND(F39>=49000,F39<50000)),$J$93,IF((AND(F39>=50000,F39<51000)),$J$94,IF((AND(F39>=51000,F39<52000)),$J$95,IF((AND(F39>=52000,F39<53000)),$J$96,IF((AND(F39>=53000,F39<54000)),$J$97,IF((AND(F39>=54000,F39<55000)),$J$98,IF((AND(F39>=55000,F39<56000)),$J$99,IF((AND(F39>=56000,F39<57000)),$J$100,IF((AND(F39>=57000,F39<58000)),$J$101,IF((AND(F39>=58000,F39<59000)),$J$102,IF((AND(F39>=59000,F39<60000)),$J$103,IF((AND(F39>=60000,F39<61000)),$J$104,"0"))))))))))))))))))))))))))))))))))))))))))))))))))))))))) -> 300
A40: 38 | B40: DDN-1765 | C40: PRk 7, TADTAD, BADERA | E40: Anne Via Feje | F40: =IFERROR(VLOOKUP($B40,'EOD - SEPTEMBER 3, 2026'!$B$2:$G$1004,3,FALSE()),0) -> 1764 | G40: =IFERROR(VLOOKUP($B40,'EOD - SEPTEMBER 3, 2026'!$B:$G,6,FALSE()),0) -> 0 | H40: =F40*0.125 -> 220.5 | I40: =F40-G40-H40 -> 1543.5 | J40: =IF((AND(F40>=100,F40<5000)),$J$48,IF((AND(F40>=5000,F40<6000)),$J$49,IF((AND(F40>=6000,F40<7000)),$J$50,IF((AND(F40>=7000,F40<8000)),$J$51,IF((AND(F40>=8000,F40<9000)),$J$52,IF((AND(F40>=9000,F40<10000)),$J$53,IF((AND(F40>=10000,F40<11000)),$J$54,IF((AND(F40>=11000,F40<12000)),$J$55,IF((AND(F40>=12000,F40<13000)),$J$56,IF((AND(F40>=13000,F40<14000)),$J$57,IF((AND(F40>=14000,F40<15000)),$J$58,IF((AND(F40>=15000,F40<16000)),$J$59,IF((AND(F40>=16000,F40<17000)),$J$60,IF((AND(F40>=17000,F40<18000)),$J$61,IF((AND(F40>=18000,F40<19000)),$J$62,IF((AND(F40>=19000,F40<20000)),$J$63,IF((AND(F40>=20000,F40<21000)),$J$64,IF((AND(F40>=21000,F40<22000)),$J$65,IF((AND(F40>=22000,F40<23000)),$J$66,IF((AND(F40>=23000,F40<24000)),$J$67,IF((AND(F40>=24000,F40<25000)),$J$68,IF((AND(F40>=25000,F40<26000)),$J$69,IF((AND(F40>=26000,F40<27000)),$J$70,IF((AND(F40>=27000,F40<28000)),$J$71,IF((AND(F40>=28000,F40<29000)),$J$72,IF((AND(F40>=29000,F40<30000)),$J$73,IF((AND(F40>=30000,F40<31000)),$J$74,IF((AND(F40>=31000,F40<32000)),$J$75,IF((AND(F40>=32000,F40<33000)),$J$76,IF((AND(F40>=33000,F40<34000)),$J$77,IF((AND(F40>=34000,F40<35000)),$J$78,IF((AND(F40>=35000,F40<36000)),$J$79,IF((AND(F40>=36000,F40<37000)),$J$80,IF((AND(F40>=37000,F40<38000)),$J$81,IF((AND(F40>=38000,F40<39000)),$J$82,IF((AND(F40>=39000,F40<40000)),$J$83,IF((AND(F40>=40000,F40<41000)),$J$84,IF((AND(F40>=41000,F40<42000)),$J$85,IF((AND(F40>=42000,F40<43000)),$J$86,IF((AND(F40>=43000,F40<44000)),$J$87,IF((AND(F40>=44000,F40<45000)),$J$88,IF((AND(F40>=45000,F40<46000)),$J$89,IF((AND(F40>=46000,F40<47000)),$J$90,IF((AND(F40>=47000,F40<48000)),$J$91,IF((AND(F40>=48000,F40<49000)),$J$92,IF((AND(F40>=49000,F40<50000)),$J$93,IF((AND(F40>=50000,F40<51000)),$J$94,IF((AND(F40>=51000,F40<52000)),$J$95,IF((AND(F40>=52000,F40<53000)),$J$96,IF((AND(F40>=53000,F40<54000)),$J$97,IF((AND(F40>=54000,F40<55000)),$J$98,IF((AND(F40>=55000,F40<56000)),$J$99,IF((AND(F40>=56000,F40<57000)),$J$100,IF((AND(F40>=57000,F40<58000)),$J$101,IF((AND(F40>=58000,F40<59000)),$J$102,IF((AND(F40>=59000,F40<60000)),$J$103,IF((AND(F40>=60000,F40<61000)),$J$104,"0"))))))))))))))))))))))))))))))))))))))))))))))))))))))))) -> 250
D41: COLLECTOR | E41: NELSON | F41: =IFERROR(VLOOKUP($B41,'EOD - SEPTEMBER 3, 2026'!$B$2:$G$1004,3,FALSE()),0) -> 0 | G41: =IFERROR(VLOOKUP($B41,'EOD - SEPTEMBER 3, 2026'!$B:$G,6,FALSE()),0) -> 0 | H41: =F41*0.125 -> 0 | I41: =F41-G41-H41 -> 0 | J41: 500
D42: COLLECTOR | E42: CALOY | F42: =IFERROR(VLOOKUP($B42,'EOD - SEPTEMBER 3, 2026'!$B$2:$G$1004,3,FALSE()),0) -> 0 | G42: =IFERROR(VLOOKUP($B42,'EOD - SEPTEMBER 3, 2026'!$B:$G,6,FALSE()),0) -> 0 | H42: =F42*0.125 -> 0 | I42: =F42-G42-H42 -> 0 | J42: 500
C43: TOTAL | D43: TOTAL | F43: =SUM(F3:F42) -> 143220 | G43: =SUM(G3:G41) -> 44000 | H43: =SUM(H3:H41) -> 17902.5 | I43: =SUM(I3:I41) -> 81317.5 | J43: =SUM(J3:J42) -> 9520
H44: COMMISSION | I44: =H43 -> 17902.5
H45: TOTAL GROSS | I45: =SUM(I43:I44) -> 99220
J48: 250
H49: 5000 | I49: 6000 | J49: 300
H50: =H49+1000 -> 6000 | I50: =I49+1000 -> 7000 | J50: =J49+10 -> 310
H51: =H50+1000 -> 7000 | I51: =I50+1000 -> 8000 | J51: =J50+10 -> 320
H52: =H51+1000 -> 8000 | I52: =I51+1000 -> 9000 | J52: =J51+10 -> 330
H53: =H52+1000 -> 9000 | I53: =I52+1000 -> 10000 | J53: =J52+10 -> 340
H54: =H53+1000 -> 10000 | I54: =I53+1000 -> 11000 | J54: =J53+10 -> 350
H55: =H54+1000 -> 11000 | I55: =I54+1000 -> 12000 | J55: =J54+10 -> 360
H56: =H55+1000 -> 12000 | I56: =I55+1000 -> 13000 | J56: =J55+10 -> 370
H57: =H56+1000 -> 13000 | I57: =I56+1000 -> 14000 | J57: =J56+10 -> 380
H58: =H57+1000 -> 14000 | I58: =I57+1000 -> 15000 | J58: =J57+10 -> 390
H59: =H58+1000 -> 15000 | I59: =I58+1000 -> 16000 | J59: =J58+10 -> 400
H60: =H59+1000 -> 16000 | I60: =I59+1000 -> 17000 | J60: =J59+10 -> 410
H61: =H60+1000 -> 17000 | I61: =I60+1000 -> 18000 | J61: =J60+10 -> 420
... H100: =H99+1000 -> 56000 | I100: =I99+1000 -> 57000 | J100: =J99+10 -> 810
C103: PREPARED BY:
C104: SV: PETER JOHN CARRILLO

Sheet NELSON AREA
C1: DATE | D1: DATE | E1: =Sheet1!E1 -> 46268 | F1: SAMAL
A2: NO. | B2: BOOTH CODE | C2: ADDRESS | D2: OUTLETS | E2: TELLER | F2: TOTAL BETS | G2: PAY OUT | H2: COMMISSION | I2: PALAWAN | J2: SALARY
A3: 1 | B3: =Sheet1!B3 -> DDN-1281 | C3: =Sheet1!C3 -> P1 TORIL,BABAK DISTRICT,SAMAL | E3: =Sheet1!E3 -> GINAROSE CAGAS | F3: =Sheet1!F3 -> 8909 | G3: =Sheet1!G3 -> 7200 | H3: =F3*0.125 -> 1113.625 | I3: =F3-G3-H3 -> 595.375 | J3: =IF((AND(F3>=100,F3<5000)),$J$28,IF((AND(F3>=5000,F3<6000)),$J$29,IF((AND(F3>=6000,F3<7000)),$J$30,IF((AND(F3>=7000,F3<8000)),$J$31,IF((AND(F3>=8000,F3<9000)),$J$32,IF((AND(F3>=9000,F3<10000)),$J$33,IF((AND(F3>=10000,F3<11000)),$J$34,IF((AND(F3>=11000,F3<12000)),$J$35,IF((AND(F3>=12000,F3<13000)),$J$36,IF((AND(F3>=13000,F3<14000)),$J$37,IF((AND(F3>=14000,F3<15000)),$J$38,IF((AND(F3>=15000,F3<16000)),$J$39,IF((AND(F3>=16000,F3<17000)),$J$40,IF((AND(F3>=17000,F3<18000)),$J$41,IF((AND(F3>=18000,F3<19000)),$J$42,IF((AND(F3>=19000,F3<20000)),$J$43,IF((AND(F3>=20000,F3<21000)),$J$44,IF((AND(F3>=21000,F3<22000)),$J$45,IF((AND(F3>=22000,F3<23000)),$J$46,IF((AND(F3>=23000,F3<24000)),$J$47,IF((AND(F3>=24000,F3<25000)),$J$48,IF((AND(F3>=25000,F3<26000)),$J$49,IF((AND(F3>=26000,F3<27000)),$J$50,IF((AND(F3>=27000,F3<28000)),$J$51,IF((AND(F3>=28000,F3<29000)),$J$52,IF((AND(F3>=29000,F3<30000)),$J$53,IF((AND(F3>=30000,F3<31000)),$J$54,IF((AND(F3>=31000,F3<32000)),$J$55,IF((AND(F3>=32000,F3<33000)),$J$56,IF((AND(F3>=33000,F3<34000)),$J$57,IF((AND(F3>=34000,F3<35000)),$J$58,IF((AND(F3>=35000,F3<36000)),$J$59,IF((AND(F3>=36000,F3<37000)),$J$60,IF((AND(F3>=37000,F3<38000)),$J$61,IF((AND(F3>=38000,F3<39000)),$J$62,IF((AND(F3>=39000,F3<40000)),$J$63,IF((AND(F3>=40000,F3<41000)),$J$64,IF((AND(F3>=41000,F3<42000)),$J$65,IF((AND(F3>=42000,F3<43000)),$J$66,IF((AND(F3>=43000,F3<44000)),$J$67,IF((AND(F3>=44000,F3<45000)),$J$68,IF((AND(F3>=45000,F3<46000)),$J$69,IF((AND(F3>=46000,F3<47000)),$J$70,IF((AND(F3>=47000,F3<48000)),$J$71,IF((AND(F3>=48000,F3<49000)),$J$72,IF((AND(F3>=49000,F3<50000)),$J$73,IF((AND(F3>=50000,F3<51000)),$J$74,IF((AND(F3>=51000,F3<52000)),$J$75,IF((AND(F3>=52000,F3<53000)),$J$76,IF((AND(F3>=53000,F3<54000)),$J$77,IF((AND(F3>=54000,F3<55000)),$J$78,IF((AND(F3>=55000,F3<56000)),$J$79,IF((AND(F3>=56000,F3<57000)),$J$80,IF((AND(F3>=57000,F3<58000)),$J$81,IF((AND(F3>=58000,F3<59000)),$J$82,IF((AND(F3>=59000,F3<60000)),$J$83,IF((AND(F3>=60000,F3<61000)),$J$84,"0"))))))))))))))))))))))))))))))))))))))))))))))))))))))))) -> 330
A4: 2 | B4: =Sheet1!B4 -> DDN-1284 | C4: =Sheet1!C4 -> ZONE,7,VILLARICA,BABAK | E4: =Sheet1!E4 -> ANGEL MAE ESTRADA | F4: =Sheet1!F4 -> 3600 | G4: =Sheet1!G4 -> 0 | H4: =F4*0.125 -> 450 | I4: =F4-G4-H4 -> 3150 | J4: =IF((AND(F4>=100,F4<5000)),$J$28,IF((AND(F4>=5000,F4<6000)),$J$29,IF((AND(F4>=6000,F4<7000)),$J$30,IF((AND(F4>=7000,F4<8000)),$J$31,IF((AND(F4>=8000,F4<9000)),$J$32,IF((AND(F4>=9000,F4<10000)),$J$33,IF((AND(F4>=10000,F4<11000)),$J$34,IF((AND(F4>=11000,F4<12000)),$J$35,IF((AND(F4>=12000,F4<13000)),$J$36,IF((AND(F4>=13000,F4<14000)),$J$37,IF((AND(F4>=14000,F4<15000)),$J$38,IF((AND(F4>=15000,F4<16000)),$J$39,IF((AND(F4>=16000,F4<17000)),$J$40,IF((AND(F4>=17000,F4<18000)),$J$41,IF((AND(F4>=18000,F4<19000)),$J$42,IF((AND(F4>=19000,F4<20000)),$J$43,IF((AND(F4>=20000,F4<21000)),$J$44,IF((AND(F4>=21000,F4<22000)),$J$45,IF((AND(F4>=22000,F4<23000)),$J$46,IF((AND(F4>=23000,F4<24000)),$J$47,IF((AND(F4>=24000,F4<25000)),$J$48,IF((AND(F4>=25000,F4<26000)),$J$49,IF((AND(F4>=26000,F4<27000)),$J$50,IF((AND(F4>=27000,F4<28000)),$J$51,IF((AND(F4>=28000,F4<29000)),$J$52,IF((AND(F4>=29000,F4<30000)),$J$53,IF((AND(F4>=30000,F4<31000)),$J$54,IF((AND(F4>=31000,F4<32000)),$J$55,IF((AND(F4>=32000,F4<33000)),$J$56,IF((AND(F4>=33000,F4<34000)),$J$57,IF((AND(F4>=34000,F4<35000)),$J$58,IF((AND(F4>=35000,F4<36000)),$J$59,IF((AND(F4>=36000,F4<37000)),$J$60,IF((AND(F4>=37000,F4<38000)),$J$61,IF((AND(F4>=38000,F4<39000)),$J$62,IF((AND(F4>=39000,F4<40000)),$J$63,IF((AND(F4>=40000,F4<41000)),$J$64,IF((AND(F4>=41000,F4<42000)),$J$65,IF((AND(F4>=42000,F4<43000)),$J$66,IF((AND(F4>=43000,F4<44000)),$J$67,IF((AND(F4>=44000,F4<45000)),$J$68,IF((AND(F4>=45000,F4<46000)),$J$69,IF((AND(F4>=46000,F4<47000)),$J$70,IF((AND(F4>=47000,F4<48000)),$J$71,IF((AND(F4>=48000,F4<49000)),$J$72,IF((AND(F4>=49000,F4<50000)),$J$73,IF((AND(F4>=50000,F4<51000)),$J$74,IF((AND(F4>=51000,F4<52000)),$J$75,IF((AND(F4>=52000,F4<53000)),$J$76,IF((AND(F4>=53000,F4<54000)),$J$77,IF((AND(F4>=54000,F4<55000)),$J$78,IF((AND(F4>=55000,F4<56000)),$J$79,IF((AND(F4>=56000,F4<57000)),$J$80,IF((AND(F4>=57000,F4<58000)),$J$81,IF((AND(F4>=58000,F4<59000)),$J$82,IF((AND(F4>=59000,F4<60000)),$J$83,IF((AND(F4>=60000,F4<61000)),$J$84,"0"))))))))))))))))))))))))))))))))))))))))))))))))))))))))) -> 250
A5: 3 | B5: =Sheet1!B5 -> DDN-1285 | C5: =Sheet1!C5 -> P4 BONGKALAS,COGON,SAMAL | E5: =Sheet1!E5 -> REJEAN PREGLO | F5: =Sheet1!F5 -> 1675 | G5: =Sheet1!G5 -> 0 | H5: =F5*0.125 -> 209.375 | I5: =F5-G5-H5 -> 1465.625 | J5: =IF((AND(F5>=100,F5<5000)),$J$28,IF((AND(F5>=5000,F5<6000)),$J$29,IF((AND(F5>=6000,F5<7000)),$J$30,IF((AND(F5>=7000,F5<8000)),$J$31,IF((AND(F5>=8000,F5<9000)),$J$32,IF((AND(F5>=9000,F5<10000)),$J$33,IF((AND(F5>=10000,F5<11000)),$J$34,IF((AND(F5>=11000,F5<12000)),$J$35,IF((AND(F5>=12000,F5<13000)),$J$36,IF((AND(F5>=13000,F5<14000)),$J$37,IF((AND(F5>=14000,F5<15000)),$J$38,IF((AND(F5>=15000,F5<16000)),$J$39,IF((AND(F5>=16000,F5<17000)),$J$40,IF((AND(F5>=17000,F5<18000)),$J$41,IF((AND(F5>=18000,F5<19000)),$J$42,IF((AND(F5>=19000,F5<20000)),$J$43,IF((AND(F5>=20000,F5<21000)),$J$44,IF((AND(F5>=21000,F5<22000)),$J$45,IF((AND(F5>=22000,F5<23000)),$J$46,IF((AND(F5>=23000,F5<24000)),$J$47,IF((AND(F5>=24000,F5<25000)),$J$48,IF((AND(F5>=25000,F5<26000)),$J$49,IF((AND(F5>=26000,F5<27000)),$J$50,IF((AND(F5>=27000,F5<28000)),$J$51,IF((AND(F5>=28000,F5<29000)),$J$52,IF((AND(F5>=29000,F5<30000)),$J$53,IF((AND(F5>=30000,F5<31000)),$J$54,IF((AND(F5>=31000,F5<32000)),$J$55,IF((AND(F5>=32000,F5<33000)),$J$56,IF((AND(F5>=33000,F5<34000)),$J$57,IF((AND(F5>=34000,F5<35000)),$J$58,IF((AND(F5>=35000,F5<36000)),$J$59,IF((AND(F5>=36000,F5<37000)),$J$60,IF((AND(F5>=37000,F5<38000)),$J$61,IF((AND(F5>=38000,F5<39000)),$J$62,IF((AND(F5>=39000,F5<40000)),$J$63,IF((AND(F5>=40000,F5<41000)),$J$64,IF((AND(F5>=41000,F5<42000)),$J$65,IF((AND(F5>=42000,F5<43000)),$J$66,IF((AND(F5>=43000,F5<44000)),$J$67,IF((AND(F5>=44000,F5<45000)),$J$68,IF((AND(F5>=45000,F5<46000)),$J$69,IF((AND(F5>=46000,F5<47000)),$J$70,IF((AND(F5>=47000,F5<48000)),$J$71,IF((AND(F5>=48000,F5<49000)),$J$72,IF((AND(F5>=49000,F5<50000)),$J$73,IF((AND(F5>=50000,F5<51000)),$J$74,IF((AND(F5>=51000,F5<52000)),$J$75,IF((AND(F5>=52000,F5<53000)),$J$76,IF((AND(F5>=53000,F5<54000)),$J$77,IF((AND(F5>=54000,F5<55000)),$J$78,IF((AND(F5>=55000,F5<56000)),$J$79,IF((AND(F5>=56000,F5<57000)),$J$80,IF((AND(F5>=57000,F5<58000)),$J$81,IF((AND(F5>=58000,F5<59000)),$J$82,IF((AND(F5>=59000,F5<60000)),$J$83,IF((AND(F5>=60000,F5<61000)),$J$84,"0"))))))))))))))))))))))))))))))))))))))))))))))))))))))))) -> 250
A6: 4 | B6: =Sheet1!B8 -> DDN-1635 | C6: =Sheet1!C8 -> PRK 6 TUGUAK,COGON,BABAK | E6: =Sheet1!E8 -> MANILYN P. VILLASIN | F6: =Sheet1!F8 -> 0 | G6: =Sheet1!G8 -> 0 | H6: =F6*0.125 -> 0 | I6: =F6-G6-H6 -> 0 | J6: =IF((AND(F6>=100,F6<5000)),$J$28,IF((AND(F6>=5000,F6<6000)),$J$29,IF((AND(F6>=6000,F6<7000)),$J$30,IF((AND(F6>=7000,F6<8000)),$J$31,IF((AND(F6>=8000,F6<9000)),$J$32,IF((AND(F6>=9000,F6<10000)),$J$33,IF((AND(F6>=10000,F6<11000)),$J$34,IF((AND(F6>=11000,F6<12000)),$J$35,IF((AND(F6>=12000,F6<13000)),$J$36,IF((AND(F6>=13000,F6<14000)),$J$37,IF((AND(F6>=14000,F6<15000)),$J$38,IF((AND(F6>=15000,F6<16000)),$J$39,IF((AND(F6>=16000,F6<17000)),$J$40,IF((AND(F6>=17000,F6<18000)),$J$41,IF((AND(F6>=18000,F6<19000)),$J$42,IF((AND(F6>=19000,F6<20000)),$J$43,IF((AND(F6>=20000,F6<21000)),$J$44,IF((AND(F6>=21000,F6<22000)),$J$45,IF((AND(F6>=22000,F6<23000)),$J$46,IF((AND(F6>=23000,F6<24000)),$J$47,IF((AND(F6>=24000,F6<25000)),$J$48,IF((AND(F6>=25000,F6<26000)),$J$49,IF((AND(F6>=26000,F6<27000)),$J$50,IF((AND(F6>=27000,F6<28000)),$J$51,IF((AND(F6>=28000,F6<29000)),$J$52,IF((AND(F6>=29000,F6<30000)),$J$53,IF((AND(F6>=30000,F6<31000)),$J$54,IF((AND(F6>=31000,F6<32000)),$J$55,IF((AND(F6>=32000,F6<33000)),$J$56,IF((AND(F6>=33000,F6<34000)),$J$57,IF((AND(F6>=34000,F6<35000)),$J$58,IF((AND(F6>=35000,F6<36000)),$J$59,IF((AND(F6>=36000,F6<37000)),$J$60,IF((AND(F6>=37000,F6<38000)),$J$61,IF((AND(F6>=38000,F6<39000)),$J$62,IF((AND(F6>=39000,F6<40000)),$J$63,IF((AND(F6>=40000,F6<41000)),$J$64,IF((AND(F6>=41000,F6<42000)),$J$65,IF((AND(F6>=42000,F6<43000)),$J$66,IF((AND(F6>=43000,F6<44000)),$J$67,IF((AND(F6>=44000,F6<45000)),$J$68,IF((AND(F6>=45000,F6<46000)),$J$69,IF((AND(F6>=46000,F6<47000)),$J$70,IF((AND(F6>=47000,F6<48000)),$J$71,IF((AND(F6>=48000,F6<49000)),$J$72,IF((AND(F6>=49000,F6<50000)),$J$73,IF((AND(F6>=50000,F6<51000)),$J$74,IF((AND(F6>=51000,F6<52000)),$J$75,IF((AND(F6>=52000,F6<53000)),$J$76,IF((AND(F6>=53000,F6<54000)),$J$77,IF((AND(F6>=54000,F6<55000)),$J$78,IF((AND(F6>=55000,F6<56000)),$J$79,IF((AND(F6>=56000,F6<57000)),$J$80,IF((AND(F6>=57000,F6<58000)),$J$81,IF((AND(F6>=58000,F6<59000)),$J$82,IF((AND(F6>=59000,F6<60000)),$J$83,IF((AND(F6>=60000,F6<61000)),$J$84,"0"))))))))))))))))))))))))))))))))))))))))))))))))))))))))) -> 0
A7: 5 | B7: =Sheet1!B7 -> DDN-1288 | C7: =Sheet1!C7 -> PRK 1 BRGY LIBUAK,BABAK | E7: =Sheet1!E7 -> Rene Daguit | F7: =Sheet1!F7 -> 12007 | G7: =Sheet1!G7 -> 7200 | H7: =F7*0.125 -> 1500.875 | I7: =F7-G7-H7 -> 3306.125 | J7: =IF((AND(F7>=100,F7<5000)),$J$28,IF((AND(F7>=5000,F7<6000)),$J$29,IF((AND(F7>=6000,F7<7000)),$J$30,IF((AND(F7>=7000,F7<8000)),$J$31,IF((AND(F7>=8000,F7<9000)),$J$32,IF((AND(F7>=9000,F7<10000)),$J$33,IF((AND(F7>=10000,F7<11000)),$J$34,IF((AND(F7>=11000,F7<12000)),$J$35,IF((AND(F7>=12000,F7<13000)),$J$36,IF((AND(F7>=13000,F7<14000)),$J$37,IF((AND(F7>=14000,F7<15000)),$J$38,IF((AND(F7>=15000,F7<16000)),$J$39,IF((AND(F7>=16000,F7<17000)),$J$40,IF((AND(F7>=17000,F7<18000)),$J$41,IF((AND(F7>=18000,F7<19000)),$J$42,IF((AND(F7>=19000,F7<20000)),$J$43,IF((AND(F7>=20000,F7<21000)),$J$44,IF((AND(F7>=21000,F7<22000)),$J$45,IF((AND(F7>=22000,F7<23000)),$J$46,IF((AND(F7>=23000,F7<24000)),$J$47,IF((AND(F7>=24000,F7<25000)),$J$48,IF((AND(F7>=25000,F7<26000)),$J$49,IF((AND(F7>=26000,F7<27000)),$J$50,IF((AND(F7>=27000,F7<28000)),$J$51,IF((AND(F7>=28000,F7<29000)),$J$52,IF((AND(F7>=29000,F7<30000)),$J$53,IF((AND(F7>=30000,F7<31000)),$J$54,IF((AND(F7>=31000,F7<32000)),$J$55,IF((AND(F7>=32000,F7<33000)),$J$56,IF((AND(F7>=33000,F7<34000)),$J$57,IF((AND(F7>=34000,F7<35000)),$J$58,IF((AND(F7>=35000,F7<36000)),$J$59,IF((AND(F7>=36000,F7<37000)),$J$60,IF((AND(F7>=37000,F7<38000)),$J$61,IF((AND(F7>=38000,F7<39000)),$J$62,IF((AND(F7>=39000,F7<40000)),$J$63,IF((AND(F7>=40000,F7<41000)),$J$64,IF((AND(F7>=41000,F7<42000)),$J$65,IF((AND(F7>=42000,F7<43000)),$J$66,IF((AND(F7>=43000,F7<44000)),$J$67,IF((AND(F7>=44000,F7<45000)),$J$68,IF((AND(F7>=45000,F7<46000)),$J$69,IF((AND(F7>=46000,F7<47000)),$J$70,IF((AND(F7>=47000,F7<48000)),$J$71,IF((AND(F7>=48000,F7<49000)),$J$72,IF((AND(F7>=49000,F7<50000)),$J$73,IF((AND(F7>=50000,F7<51000)),$J$74,IF((AND(F7>=51000,F7<52000)),$J$75,IF((AND(F7>=52000,F7<53000)),$J$76,IF((AND(F7>=53000,F7<54000)),$J$77,IF((AND(F7>=54000,F7<55000)),$J$78,IF((AND(F7>=55000,F7<56000)),$J$79,IF((AND(F7>=56000,F7<57000)),$J$80,IF((AND(F7>=57000,F7<58000)),$J$81,IF((AND(F7>=58000,F7<59000)),$J$82,IF((AND(F7>=59000,F7<60000)),$J$83,IF((AND(F7>=60000,F7<61000)),$J$84,"0"))))))))))))))))))))))))))))))))))))))))))))))))))))))))) -> 370
A8: 6 | B8: =Sheet1!B9 -> DDN-1293 | C8: =Sheet1!C9 -> PRK 2 TAMBO,BABAK,SAMAL | E8: =Sheet1!E9 -> NIÑA ESCALANTE | F8: =Sheet1!F9 -> 4527 | G8: =Sheet1!G9 -> 2400 | H8: =F8*0.125 -> 565.875 | I8: =F8-G8-H8 -> 1561.125 | J8: =IF((AND(F8>=100,F8<5000)),$J$28,IF((AND(F8>=5000,F8<6000)),$J$29,IF((AND(F8>=6000,F8<7000)),$J$30,IF((AND(F8>=7000,F8<8000)),$J$31,IF((AND(F8>=8000,F8<9000)),$J$32,IF((AND(F8>=9000,F8<10000)),$J$33,IF((AND(F8>=10000,F8<11000)),$J$34,IF((AND(F8>=11000,F8<12000)),$J$35,IF((AND(F8>=12000,F8<13000)),$J$36,IF((AND(F8>=13000,F8<14000)),$J$37,IF((AND(F8>=14000,F8<15000)),$J$38,IF((AND(F8>=15000,F8<16000)),$J$39,IF((AND(F8>=16000,F8<17000)),$J$40,IF((AND(F8>=17000,F8<18000)),$J$41,IF((AND(F8>=18000,F8<19000)),$J$42,IF((AND(F8>=19000,F8<20000)),$J$43,IF((AND(F8>=20000,F8<21000)),$J$44,IF((AND(F8>=21000,F8<22000)),$J$45,IF((AND(F8>=22000,F8<23000)),$J$46,IF((AND(F8>=23000,F8<24000)),$J$47,IF((AND(F8>=24000,F8<25000)),$J$48,IF((AND(F8>=25000,F8<26000)),$J$49,IF((AND(F8>=26000,F8<27000)),$J$50,IF((AND(F8>=27000,F8<28000)),$J$51,IF((AND(F8>=28000,F8<29000)),$J$52,IF((AND(F8>=29000,F8<30000)),$J$53,IF((AND(F8>=30000,F8<31000)),$J$54,IF((AND(F8>=31000,F8<32000)),$J$55,IF((AND(F8>=32000,F8<33000)),$J$56,IF((AND(F8>=33000,F8<34000)),$J$57,IF((AND(F8>=34000,F8<35000)),$J$58,IF((AND(F8>=35000,F8<36000)),$J$59,IF((AND(F8>=36000,F8<37000)),$J$60,IF((AND(F8>=37000,F8<38000)),$J$61,IF((AND(F8>=38000,F8<39000)),$J$62,IF((AND(F8>=39000,F8<40000)),$J$63,IF((AND(F8>=40000,F8<41000)),$J$64,IF((AND(F8>=41000,F8<42000)),$J$65,IF((AND(F8>=42000,F8<43000)),$J$66,IF((AND(F8>=43000,F8<44000)),$J$67,IF((AND(F8>=44000,F8<45000)),$J$68,IF((AND(F8>=45000,F8<46000)),$J$69,IF((AND(F8>=46000,F8<47000)),$J$70,IF((AND(F8>=47000,F8<48000)),$J$71,IF((AND(F8>=48000,F8<49000)),$J$72,IF((AND(F8>=49000,F8<50000)),$J$73,IF((AND(F8>=50000,F8<51000)),$J$74,IF((AND(F8>=51000,F8<52000)),$J$75,IF((AND(F8>=52000,F8<53000)),$J$76,IF((AND(F8>=53000,F8<54000)),$J$77,IF((AND(F8>=54000,F8<55000)),$J$78,IF((AND(F8>=55000,F8<56000)),$J$79,IF((AND(F8>=56000,F8<57000)),$J$80,IF((AND(F8>=57000,F8<58000)),$J$81,IF((AND(F8>=58000,F8<59000)),$J$82,IF((AND(F8>=59000,F8<60000)),$J$83,IF((AND(F8>=60000,F8<61000)),$J$84,"0"))))))))))))))))))))))))))))))))))))))))))))))))))))))))) -> 250
A9: 7 | B9: =Sheet1!B10 -> DDN-1294 | C9: =Sheet1!C10 -> CIDG,P-KAIMITO,MIRANDA,BABAK | E9: =Sheet1!E10 -> JOVILYN B. OCOM | F9: =Sheet1!F10 -> 3687 | G9: =Sheet1!G10 -> 0 | H9: =F9*0.125 -> 460.875 | I9: =F9-G9-H9 -> 3226.125 | J9: =IF((AND(F9>=100,F9<5000)),$J$28,IF((AND(F9>=5000,F9<6000)),$J$29,IF((AND(F9>=6000,F9<7000)),$J$30,IF((AND(F9>=7000,F9<8000)),$J$31,IF((AND(F9>=8000,F9<9000)),$J$32,IF((AND(F9>=9000,F9<10000)),$J$33,IF((AND(F9>=10000,F9<11000)),$J$34,IF((AND(F9>=11000,F9<12000)),$J$35,IF((AND(F9>=12000,F9<13000)),$J$36,IF((AND(F9>=13000,F9<14000)),$J$37,IF((AND(F9>=14000,F9<15000)),$J$38,IF((AND(F9>=15000,F9<16000)),$J$39,IF((AND(F9>=16000,F9<17000)),$J$40,IF((AND(F9>=17000,F9<18000)),$J$41,IF((AND(F9>=18000,F9<19000)),$J$42,IF((AND(F9>=19000,F9<20000)),$J$43,IF((AND(F9>=20000,F9<21000)),$J$44,IF((AND(F9>=21000,F9<22000)),$J$45,IF((AND(F9>=22000,F9<23000)),$J$46,IF((AND(F9>=23000,F9<24000)),$J$47,IF((AND(F9>=24000,F9<25000)),$J$48,IF((AND(F9>=25000,F9<26000)),$J$49,IF((AND(F9>=26000,F9<27000)),$J$50,IF((AND(F9>=27000,F9<28000)),$J$51,IF((AND(F9>=28000,F9<29000)),$J$52,IF((AND(F9>=29000,F9<30000)),$J$53,IF((AND(F9>=30000,F9<31000)),$J$54,IF((AND(F9>=31000,F9<32000)),$J$55,IF((AND(F9>=32000,F9<33000)),$J$56,IF((AND(F9>=33000,F9<34000)),$J$57,IF((AND(F9>=34000,F9<35000)),$J$58,IF((AND(F9>=35000,F9<36000)),$J$59,IF((AND(F9>=36000,F9<37000)),$J$60,IF((AND(F9>=37000,F9<38000)),$J$61,IF((AND(F9>=38000,F9<39000)),$J$62,IF((AND(F9>=39000,F9<40000)),$J$63,IF((AND(F9>=40000,F9<41000)),$J$64,IF((AND(F9>=41000,F9<42000)),$J$65,IF((AND(F9>=42000,F9<43000)),$J$66,IF((AND(F9>=43000,F9<44000)),$J$67,IF((AND(F9>=44000,F9<45000)),$J$68,IF((AND(F9>=45000,F9<46000)),$J$69,IF((AND(F9>=46000,F9<47000)),$J$70,IF((AND(F9>=47000,F9<48000)),$J$71,IF((AND(F9>=48000,F9<49000)),$J$72,IF((AND(F9>=49000,F9<50000)),$J$73,IF((AND(F9>=50000,F9<51000)),$J$74,IF((AND(F9>=51000,F9<52000)),$J$75,IF((AND(F9>=52000,F9<53000)),$J$76,IF((AND(F9>=53000,F9<54000)),$J$77,IF((AND(F9>=54000,F9<55000)),$J$78,IF((AND(F9>=55000,F9<56000)),$J$79,IF((AND(F9>=56000,F9<57000)),$J$80,IF((AND(F9>=57000,F9<58000)),$J$81,IF((AND(F9>=58000,F9<59000)),$J$82,IF((AND(F9>=59000,F9<60000)),$J$83,IF((AND(F9>=60000,F9<61000)),$J$84,"0"))))))))))))))))))))))))))))))))))))))))))))))))))))))))) -> 250
A10: 8 | B10: =Sheet1!B11 -> DDN-1295 | C10: =Sheet1!C11 -> P3 KAUSWAGAN,MIRANDA,BABAK | E10: =Sheet1!E11 -> GENNIEL MONTERDE | F10: =Sheet1!F11 -> 4775 | G10: =Sheet1!G11 -> 0 | H10: =F10*0.125 -> 596.875 | I10: =F10-G10-H10 -> 4178.125 | J10: =IF((AND(F10>=100,F10<5000)),$J$28,IF((AND(F10>=5000,F10<6000)),$J$29,IF((AND(F10>=6000,F10<7000)),$J$30,IF((AND(F10>=7000,F10<8000)),$J$31,IF((AND(F10>=8000,F10<9000)),$J$32,IF((AND(F10>=9000,F10<10000)),$J$33,IF((AND(F10>=10000,F10<11000)),$J$34,IF((AND(F10>=11000,F10<12000)),$J$35,IF((AND(F10>=12000,F10<13000)),$J$36,IF((AND(F10>=13000,F10<14000)),$J$37,IF((AND(F10>=14000,F10<15000)),$J$38,IF((AND(F10>=15000,F10<16000)),$J$39,IF((AND(F10>=16000,F10<17000)),$J$40,IF((AND(F10>=17000,F10<18000)),$J$41,IF((AND(F10>=18000,F10<19000)),$J$42,IF((AND(F10>=19000,F10<20000)),$J$43,IF((AND(F10>=20000,F10<21000)),$J$44,IF((AND(F10>=21000,F10<22000)),$J$45,IF((AND(F10>=22000,F10<23000)),$J$46,IF((AND(F10>=23000,F10<24000)),$J$47,IF((AND(F10>=24000,F10<25000)),$J$48,IF((AND(F10>=25000,F10<26000)),$J$49,IF((AND(F10>=26000,F10<27000)),$J$50,IF((AND(F10>=27000,F10<28000)),$J$51,IF((AND(F10>=28000,F10<29000)),$J$52,IF((AND(F10>=29000,F10<30000)),$J$53,IF((AND(F10>=30000,F10<31000)),$J$54,IF((AND(F10>=31000,F10<32000)),$J$55,IF((AND(F10>=32000,F10<33000)),$J$56,IF((AND(F10>=33000,F10<34000)),$J$57,IF((AND(F10>=34000,F10<35000)),$J$58,IF((AND(F10>=35000,F10<36000)),$J$59,IF((AND(F10>=36000,F10<37000)),$J$60,IF((AND(F10>=37000,F10<38000)),$J$61,IF((AND(F10>=38000,F10<39000)),$J$62,IF((AND(F10>=39000,F10<40000)),$J$63,IF((AND(F10>=40000,F10<41000)),$J$64,IF((AND(F10>=41000,F10<42000)),$J$65,IF((AND(F10>=42000,F10<43000)),$J$66,IF((AND(F10>=43000,F10<44000)),$J$67,IF((AND(F10>=44000,F10<45000)),$J$68,IF((AND(F10>=45000,F10<46000)),$J$69,IF((AND(F10>=46000,F10<47000)),$J$70,IF((AND(F10>=47000,F10<48000)),$J$71,IF((AND(F10>=48000,F10<49000)),$J$72,IF((AND(F10>=49000,F10<50000)),$J$73,IF((AND(F10>=50000,F10<51000)),$J$74,IF((AND(F10>=51000,F10<52000)),$J$75,IF((AND(F10>=52000,F10<53000)),$J$76,IF((AND(F10>=53000,F10<54000)),$J$77,IF((AND(F10>=54000,F10<55000)),$J$78,IF((AND(F10>=55000,F10<56000)),$J$79,IF((AND(F10>=56000,F10<57000)),$J$80,IF((AND(F10>=57000,F10<58000)),$J$81,IF((AND(F10>=58000,F10<59000)),$J$82,IF((AND(F10>=59000,F10<60000)),$J$83,IF((AND(F10>=60000,F10<61000)),$J$84,"0"))))))))))))))))))))))))))))))))))))))))))))))))))))))))) -> 250
A11: 9 | B11: =Sheet1!B12 -> DDN-1296 | C11: =Sheet1!C12 -> PHASE 3 BUCARAN,TORIL,BABAK | E11: =Sheet1!E12 -> JELOU SALVADOR | F11: =Sheet1!F12 -> 2775 | G11: =Sheet1!G12 -> 0 | H11: =F11*0.125 -> 346.875 | I11: =F11-G11-H11 -> 2428.125 | J11: =IF((AND(F11>=100,F11<5000)),$J$28,IF((AND(F11>=5000,F11<6000)),$J$29,IF((AND(F11>=6000,F11<7000)),$J$30,IF((AND(F11>=7000,F11<8000)),$J$31,IF((AND(F11>=8000,F11<9000)),$J$32,IF((AND(F11>=9000,F11<10000)),$J$33,IF((AND(F11>=10000,F11<11000)),$J$34,IF((AND(F11>=11000,F11<12000)),$J$35,IF((AND(F11>=12000,F11<13000)),$J$36,IF((AND(F11>=13000,F11<14000)),$J$37,IF((AND(F11>=14000,F11<15000)),$J$38,IF((AND(F11>=15000,F11<16000)),$J$39,IF((AND(F11>=16000,F11<17000)),$J$40,IF((AND(F11>=17000,F11<18000)),$J$41,IF((AND(F11>=18000,F11<19000)),$J$42,IF((AND(F11>=19000,F11<20000)),$J$43,IF((AND(F11>=20000,F11<21000)),$J$44,IF((AND(F11>=21000,F11<22000)),$J$45,IF((AND(F11>=22000,F11<23000)),$J$46,IF((AND(F11>=23000,F11<24000)),$J$47,IF((AND(F11>=24000,F11<25000)),$J$48,IF((AND(F11>=25000,F11<26000)),$J$49,IF((AND(F11>=26000,F11<27000)),$J$50,IF((AND(F11>=27000,F11<28000)),$J$51,IF((AND(F11>=28000,F11<29000)),$J$52,IF((AND(F11>=29000,F11<30000)),$J$53,IF((AND(F11>=30000,F11<31000)),$J$54,IF((AND(F11>=31000,F11<32000)),$J$55,IF((AND(F11>=32000,F11<33000)),$J$56,IF((AND(F11>=33000,F11<34000)),$J$57,IF((AND(F11>=34000,F11<35000)),$J$58,IF((AND(F11>=35000,F11<36000)),$J$59,IF((AND(F11>=36000,F11<37000)),$J$60,IF((AND(F11>=37000,F11<38000)),$J$61,IF((AND(F11>=38000,F11<39000)),$J$62,IF((AND(F11>=39000,F11<40000)),$J$63,IF((AND(F11>=40000,F11<41000)),$J$64,IF((AND(F11>=41000,F11<42000)),$J$65,IF((AND(F11>=42000,F11<43000)),$J$66,IF((AND(F11>=43000,F11<44000)),$J$67,IF((AND(F11>=44000,F11<45000)),$J$68,IF((AND(F11>=45000,F11<46000)),$J$69,IF((AND(F11>=46000,F11<47000)),$J$70,IF((AND(F11>=47000,F11<48000)),$J$71,IF((AND(F11>=48000,F11<49000)),$J$72,IF((AND(F11>=49000,F11<50000)),$J$73,IF((AND(F11>=50000,F11<51000)),$J$74,IF((AND(F11>=51000,F11<52000)),$J$75,IF((AND(F11>=52000,F11<53000)),$J$76,IF((AND(F11>=53000,F11<54000)),$J$77,IF((AND(F11>=54000,F11<55000)),$J$78,IF((AND(F11>=55000,F11<56000)),$J$79,IF((AND(F11>=56000,F11<57000)),$J$80,IF((AND(F11>=57000,F11<58000)),$J$81,IF((AND(F11>=58000,F11<59000)),$J$82,IF((AND(F11>=59000,F11<60000)),$J$83,IF((AND(F11>=60000,F11<61000)),$J$84,"0"))))))))))))))))))))))))))))))))))))))))))))))))))))))))) -> 250
A12: 10 | B12: =Sheet1!B14 -> DDN-1299 | C12: =Sheet1!C14 -> TALIPAPA,MIRANDA BABAK | E12: =Sheet1!E14 -> AIZA CRODUA SAN JUAN | F12: =Sheet1!F14 -> 6067 | G12: =Sheet1!G14 -> 1600 | H12: =F12*0.125 -> 758.375 | I12: =F12-G12-H12 -> 3708.625 | J12: =IF((AND(F12>=100,F12<5000)),$J$28,IF((AND(F12>=5000,F12<6000)),$J$29,IF((AND(F12>=6000,F12<7000)),$J$30,IF((AND(F12>=7000,F12<8000)),$J$31,IF((AND(F12>=8000,F12<9000)),$J$32,IF((AND(F12>=9000,F12<10000)),$J$33,IF((AND(F12>=10000,F12<11000)),$J$34,IF((AND(F12>=11000,F12<12000)),$J$35,IF((AND(F12>=12000,F12<13000)),$J$36,IF((AND(F12>=13000,F12<14000)),$J$37,IF((AND(F12>=14000,F12<15000)),$J$38,IF((AND(F12>=15000,F12<16000)),$J$39,IF((AND(F12>=16000,F12<17000)),$J$40,IF((AND(F12>=17000,F12<18000)),$J$41,IF((AND(F12>=18000,F12<19000)),$J$42,IF((AND(F12>=19000,F12<20000)),$J$43,IF((AND(F12>=20000,F12<21000)),$J$44,IF((AND(F12>=21000,F12<22000)),$J$45,IF((AND(F12>=22000,F12<23000)),$J$46,IF((AND(F12>=23000,F12<24000)),$J$47,IF((AND(F12>=24000,F12<25000)),$J$48,IF((AND(F12>=25000,F12<26000)),$J$49,IF((AND(F12>=26000,F12<27000)),$J$50,IF((AND(F12>=27000,F12<28000)),$J$51,IF((AND(F12>=28000,F12<29000)),$J$52,IF((AND(F12>=29000,F12<30000)),$J$53,IF((AND(F12>=30000,F12<31000)),$J$54,IF((AND(F12>=31000,F12<32000)),$J$55,IF((AND(F12>=32000,F12<33000)),$J$56,IF((AND(F12>=33000,F12<34000)),$J$57,IF((AND(F12>=34000,F12<35000)),$J$58,IF((AND(F12>=35000,F12<36000)),$J$59,IF((AND(F12>=36000,F12<37000)),$J$60,IF((AND(F12>=37000,F12<38000)),$J$61,IF((AND(F12>=38000,F12<39000)),$J$62,IF((AND(F12>=39000,F12<40000)),$J$63,IF((AND(F12>=40000,F12<41000)),$J$64,IF((AND(F12>=41000,F12<42000)),$J$65,IF((AND(F12>=42000,F12<43000)),$J$66,IF((AND(F12>=43000,F12<44000)),$J$67,IF((AND(F12>=44000,F12<45000)),$J$68,IF((AND(F12>=45000,F12<46000)),$J$69,IF((AND(F12>=46000,F12<47000)),$J$70,IF((AND(F12>=47000,F12<48000)),$J$71,IF((AND(F12>=48000,F12<49000)),$J$72,IF((AND(F12>=49000,F12<50000)),$J$73,IF((AND(F12>=50000,F12<51000)),$J$74,IF((AND(F12>=51000,F12<52000)),$J$75,IF((AND(F12>=52000,F12<53000)),$J$76,IF((AND(F12>=53000,F12<54000)),$J$77,IF((AND(F12>=54000,F12<55000)),$J$78,IF((AND(F12>=55000,F12<56000)),$J$79,IF((AND(F12>=56000,F12<57000)),$J$80,IF((AND(F12>=57000,F12<58000)),$J$81,IF((AND(F12>=58000,F12<59000)),$J$82,IF((AND(F12>=59000,F12<60000)),$J$83,IF((AND(F12>=60000,F12<61000)),$J$84,"0"))))))))))))))))))))))))))))))))))))))))))))))))))))))))) -> 310
A13: 11 | B13: =Sheet1!B15 -> DDN-1300 | C13: =Sheet1!C15 -> PRK 9 SAN ISIDRO | E13: =Sheet1!E15 -> Normenin K. Hussain | F13: =Sheet1!F15 -> 2462 | G13: =Sheet1!G15 -> 800 | H13: =F13*0.125 -> 307.75 | I13: =F13-G13-H13 -> 1354.25 | J13: =IF((AND(F13>=100,F13<5000)),$J$28,IF((AND(F13>=5000,F13<6000)),$J$29,IF((AND(F13>=6000,F13<7000)),$J$30,IF((AND(F13>=7000,F13<8000)),$J$31,IF((AND(F13>=8000,F13<9000)),$J$32,IF((AND(F13>=9000,F13<10000)),$J$33,IF((AND(F13>=10000,F13<11000)),$J$34,IF((AND(F13>=11000,F13<12000)),$J$35,IF((AND(F13>=12000,F13<13000)),$J$36,IF((AND(F13>=13000,F13<14000)),$J$37,IF((AND(F13>=14000,F13<15000)),$J$38,IF((AND(F13>=15000,F13<16000)),$J$39,IF((AND(F13>=16000,F13<17000)),$J$40,IF((AND(F13>=17000,F13<18000)),$J$41,IF((AND(F13>=18000,F13<19000)),$J$42,IF((AND(F13>=19000,F13<20000)),$J$43,IF((AND(F13>=20000,F13<21000)),$J$44,IF((AND(F13>=21000,F13<22000)),$J$45,IF((AND(F13>=22000,F13<23000)),$J$46,IF((AND(F13>=23000,F13<24000)),$J$47,IF((AND(F13>=24000,F13<25000)),$J$48,IF((AND(F13>=25000,F13<26000)),$J$49,IF((AND(F13>=26000,F13<27000)),$J$50,IF((AND(F13>=27000,F13<28000)),$J$51,IF((AND(F13>=28000,F13<29000)),$J$52,IF((AND(F13>=29000,F13<30000)),$J$53,IF((AND(F13>=30000,F13<31000)),$J$54,IF((AND(F13>=31000,F13<32000)),$J$55,IF((AND(F13>=32000,F13<33000)),$J$56,IF((AND(F13>=33000,F13<34000)),$J$57,IF((AND(F13>=34000,F13<35000)),$J$58,IF((AND(F13>=35000,F13<36000)),$J$59,IF((AND(F13>=36000,F13<37000)),$J$60,IF((AND(F13>=37000,F13<38000)),$J$61,IF((AND(F13>=38000,F13<39000)),$J$62,IF((AND(F13>=39000,F13<40000)),$J$63,IF((AND(F13>=40000,F13<41000)),$J$64,IF((AND(F13>=41000,F13<42000)),$J$65,IF((AND(F13>=42000,F13<43000)),$J$66,IF((AND(F13>=43000,F13<44000)),$J$67,IF((AND(F13>=44000,F13<45000)),$J$68,IF((AND(F13>=45000,F13<46000)),$J$69,IF((AND(F13>=46000,F13<47000)),$J$70,IF((AND(F13>=47000,F13<48000)),$J$71,IF((AND(F13>=48000,F13<49000)),$J$72,IF((AND(F13>=49000,F13<50000)),$J$73,IF((AND(F13>=50000,F13<51000)),$J$74,IF((AND(F13>=51000,F13<52000)),$J$75,IF((AND(F13>=52000,F13<53000)),$J$76,IF((AND(F13>=53000,F13<54000)),$J$77,IF((AND(F13>=54000,F13<55000)),$J$78,IF((AND(F13>=55000,F13<56000)),$J$79,IF((AND(F13>=56000,F13<57000)),$J$80,IF((AND(F13>=57000,F13<58000)),$J$81,IF((AND(F13>=58000,F13<59000)),$J$82,IF((AND(F13>=59000,F13<60000)),$J$83,IF((AND(F13>=60000,F13<61000)),$J$84,"0"))))))))))))))))))))))))))))))))))))))))))))))))))))))))) -> 250
A14: 12 | B14: =Sheet1!B13 -> DDN-1629 | C14: =Sheet1!C13 -> PRK 6 KINAWITNON,BABAK | E14: =Sheet1!E13 -> Diomelyn Pansit Abad | F14: =Sheet1!F13 -> 2954 | G14: =Sheet1!G13 -> 400 | H14: =F14*0.125 -> 369.25 | I14: =F14-G14-H14 -> 2184.75 | J14: =IF((AND(F14>=100,F14<5000)),$J$28,IF((AND(F14>=5000,F14<6000)),$J$29,IF((AND(F14>=6000,F14<7000)),$J$30,IF((AND(F14>=7000,F14<8000)),$J$31,IF((AND(F14>=8000,F14<9000)),$J$32,IF((AND(F14>=9000,F14<10000)),$J$33,IF((AND(F14>=10000,F14<11000)),$J$34,IF((AND(F14>=11000,F14<12000)),$J$35,IF((AND(F14>=12000,F14<13000)),$J$36,IF((AND(F14>=13000,F14<14000)),$J$37,IF((AND(F14>=14000,F14<15000)),$J$38,IF((AND(F14>=15000,F14<16000)),$J$39,IF((AND(F14>=16000,F14<17000)),$J$40,IF((AND(F14>=17000,F14<18000)),$J$41,IF((AND(F14>=18000,F14<19000)),$J$42,IF((AND(F14>=19000,F14<20000)),$J$43,IF((AND(F14>=20000,F14<21000)),$J$44,IF((AND(F14>=21000,F14<22000)),$J$45,IF((AND(F14>=22000,F14<23000)),$J$46,IF((AND(F14>=23000,F14<24000)),$J$47,IF((AND(F14>=24000,F14<25000)),$J$48,IF((AND(F14>=25000,F14<26000)),$J$49,IF((AND(F14>=26000,F14<27000)),$J$50,IF((AND(F14>=27000,F14<28000)),$J$51,IF((AND(F14>=28000,F14<29000)),$J$52,IF((AND(F14>=29000,F14<30000)),$J$53,IF((AND(F14>=30000,F14<31000)),$J$54,IF((AND(F14>=31000,F14<32000)),$J$55,IF((AND(F14>=32000,F14<33000)),$J$56,IF((AND(F14>=33000,F14<34000)),$J$57,IF((AND(F14>=34000,F14<35000)),$J$58,IF((AND(F14>=35000,F14<36000)),$J$59,IF((AND(F14>=36000,F14<37000)),$J$60,IF((AND(F14>=37000,F14<38000)),$J$61,IF((AND(F14>=38000,F14<39000)),$J$62,IF((AND(F14>=39000,F14<40000)),$J$63,IF((AND(F14>=40000,F14<41000)),$J$64,IF((AND(F14>=41000,F14<42000)),$J$65,IF((AND(F14>=42000,F14<43000)),$J$66,IF((AND(F14>=43000,F14<44000)),$J$67,IF((AND(F14>=44000,F14<45000)),$J$68,IF((AND(F14>=45000,F14<46000)),$J$69,IF((AND(F14>=46000,F14<47000)),$J$70,IF((AND(F14>=47000,F14<48000)),$J$71,IF((AND(F14>=48000,F14<49000)),$J$72,IF((AND(F14>=49000,F14<50000)),$J$73,IF((AND(F14>=50000,F14<51000)),$J$74,IF((AND(F14>=51000,F14<52000)),$J$75,IF((AND(F14>=52000,F14<53000)),$J$76,IF((AND(F14>=53000,F14<54000)),$J$77,IF((AND(F14>=54000,F14<55000)),$J$78,IF((AND(F14>=55000,F14<56000)),$J$79,IF((AND(F14>=56000,F14<57000)),$J$80,IF((AND(F14>=57000,F14<58000)),$J$81,IF((AND(F14>=58000,F14<59000)),$J$82,IF((AND(F14>=59000,F14<60000)),$J$83,IF((AND(F14>=60000,F14<61000)),$J$84,"0"))))))))))))))))))))))))))))))))))))))))))))))))))))))))) -> 250
A15: 13 | B15: =Sheet1!B17 -> DDN-1303 | C15: =Sheet1!C17 -> MAMBAGO A1,PENAPLATA,IGACOS | E15: =Sheet1!E17 -> Salvacion E Gofredo | F15: =Sheet1!F17 -> 3230 | G15: =Sheet1!G17 -> 0 | H15: =F15*0.125 -> 403.75 | I15: =F15-G15-H15 -> 2826.25 | J15: =IF((AND(F15>=100,F15<5000)),$J$28,IF((AND(F15>=5000,F15<6000)),$J$29,IF((AND(F15>=6000,F15<7000)),$J$30,IF((AND(F15>=7000,F15<8000)),$J$31,IF((AND(F15>=8000,F15<9000)),$J$32,IF((AND(F15>=9000,F15<10000)),$J$33,IF((AND(F15>=10000,F15<11000)),$J$34,IF((AND(F15>=11000,F15<12000)),$J$35,IF((AND(F15>=12000,F15<13000)),$J$36,IF((AND(F15>=13000,F15<14000)),$J$37,IF((AND(F15>=14000,F15<15000)),$J$38,IF((AND(F15>=15000,F15<16000)),$J$39,IF((AND(F15>=16000,F15<17000)),$J$40,IF((AND(F15>=17000,F15<18000)),$J$41,IF((AND(F15>=18000,F15<19000)),$J$42,IF((AND(F15>=19000,F15<20000)),$J$43,IF((AND(F15>=20000,F15<21000)),$J$44,IF((AND(F15>=21000,F15<22000)),$J$45,IF((AND(F15>=22000,F15<23000)),$J$46,IF((AND(F15>=23000,F15<24000)),$J$47,IF((AND(F15>=24000,F15<25000)),$J$48,IF((AND(F15>=25000,F15<26000)),$J$49,IF((AND(F15>=26000,F15<27000)),$J$50,IF((AND(F15>=27000,F15<28000)),$J$51,IF((AND(F15>=28000,F15<29000)),$J$52,IF((AND(F15>=29000,F15<30000)),$J$53,IF((AND(F15>=30000,F15<31000)),$J$54,IF((AND(F15>=31000,F15<32000)),$J$55,IF((AND(F15>=32000,F15<33000)),$J$56,IF((AND(F15>=33000,F15<34000)),$J$57,IF((AND(F15>=34000,F15<35000)),$J$58,IF((AND(F15>=35000,F15<36000)),$J$59,IF((AND(F15>=36000,F15<37000)),$J$60,IF((AND(F15>=37000,F15<38000)),$J$61,IF((AND(F15>=38000,F15<39000)),$J$62,IF((AND(F15>=39000,F15<40000)),$J$63,IF((AND(F15>=40000,F15<41000)),$J$64,IF((AND(F15>=41000,F15<42000)),$J$65,IF((AND(F15>=42000,F15<43000)),$J$66,IF((AND(F15>=43000,F15<44000)),$J$67,IF((AND(F15>=44000,F15<45000)),$J$68,IF((AND(F15>=45000,F15<46000)),$J$69,IF((AND(F15>=46000,F15<47000)),$J$70,IF((AND(F15>=47000,F15<48000)),$J$71,IF((AND(F15>=48000,F15<49000)),$J$72,IF((AND(F15>=49000,F15<50000)),$J$73,IF((AND(F15>=50000,F15<51000)),$J$74,IF((AND(F15>=51000,F15<52000)),$J$75,IF((AND(F15>=52000,F15<53000)),$J$76,IF((AND(F15>=53000,F15<54000)),$J$77,IF((AND(F15>=54000,F15<55000)),$J$78,IF((AND(F15>=55000,F15<56000)),$J$79,IF((AND(F15>=56000,F15<57000)),$J$80,IF((AND(F15>=57000,F15<58000)),$J$81,IF((AND(F15>=58000,F15<59000)),$J$82,IF((AND(F15>=59000,F15<60000)),$J$83,IF((AND(F15>=60000,F15<61000)),$J$84,"0"))))))))))))))))))))))))))))))))))))))))))))))))))))))))) -> 250
A16: 14 | B16: =Sheet1!B18 -> DDN-1305 | C16: =Sheet1!C18 -> MAMBAGO A2,PENAPLATA,IGACOS | E16: =Sheet1!E18 -> Janine Alcober Dinampo | F16: =Sheet1!F18 -> 7317 | G16: =Sheet1!G18 -> 800 | H16: =F16*0.125 -> 914.625 | I16: =F16-G16-H16 -> 5602.375 | J16: =IF((AND(F16>=100,F16<5000)),$J$28,IF((AND(F16>=5000,F16<6000)),$J$29,IF((AND(F16>=6000,F16<7000)),$J$30,IF((AND(F16>=7000,F16<8000)),$J$31,IF((AND(F16>=8000,F16<9000)),$J$32,IF((AND(F16>=9000,F16<10000)),$J$33,IF((AND(F16>=10000,F16<11000)),$J$34,IF((AND(F16>=11000,F16<12000)),$J$35,IF((AND(F16>=12000,F16<13000)),$J$36,IF((AND(F16>=13000,F16<14000)),$J$37,IF((AND(F16>=14000,F16<15000)),$J$38,IF((AND(F16>=15000,F16<16000)),$J$39,IF((AND(F16>=16000,F16<17000)),$J$40,IF((AND(F16>=17000,F16<18000)),$J$41,IF((AND(F16>=18000,F16<19000)),$J$42,IF((AND(F16>=19000,F16<20000)),$J$43,IF((AND(F16>=20000,F16<21000)),$J$44,IF((AND(F16>=21000,F16<22000)),$J$45,IF((AND(F16>=22000,F16<23000)),$J$46,IF((AND(F16>=23000,F16<24000)),$J$47,IF((AND(F16>=24000,F16<25000)),$J$48,IF((AND(F16>=25000,F16<26000)),$J$49,IF((AND(F16>=26000,F16<27000)),$J$50,IF((AND(F16>=27000,F16<28000)),$J$51,IF((AND(F16>=28000,F16<29000)),$J$52,IF((AND(F16>=29000,F16<30000)),$J$53,IF((AND(F16>=30000,F16<31000)),$J$54,IF((AND(F16>=31000,F16<32000)),$J$55,IF((AND(F16>=32000,F16<33000)),$J$56,IF((AND(F16>=33000,F16<34000)),$J$57,IF((AND(F16>=34000,F16<35000)),$J$58,IF((AND(F16>=35000,F16<36000)),$J$59,IF((AND(F16>=36000,F16<37000)),$J$60,IF((AND(F16>=37000,F16<38000)),$J$61,IF((AND(F16>=38000,F16<39000)),$J$62,IF((AND(F16>=39000,F16<40000)),$J$63,IF((AND(F16>=40000,F16<41000)),$J$64,IF((AND(F16>=41000,F16<42000)),$J$65,IF((AND(F16>=42000,F16<43000)),$J$66,IF((AND(F16>=43000,F16<44000)),$J$67,IF((AND(F16>=44000,F16<45000)),$J$68,IF((AND(F16>=45000,F16<46000)),$J$69,IF((AND(F16>=46000,F16<47000)),$J$70,IF((AND(F16>=47000,F16<48000)),$J$71,IF((AND(F16>=48000,F16<49000)),$J$72,IF((AND(F16>=49000,F16<50000)),$J$73,IF((AND(F16>=50000,F16<51000)),$J$74,IF((AND(F16>=51000,F16<52000)),$J$75,IF((AND(F16>=52000,F16<53000)),$J$76,IF((AND(F16>=53000,F16<54000)),$J$77,IF((AND(F16>=54000,F16<55000)),$J$78,IF((AND(F16>=55000,F16<56000)),$J$79,IF((AND(F16>=56000,F16<57000)),$J$80,IF((AND(F16>=57000,F16<58000)),$J$81,IF((AND(F16>=58000,F16<59000)),$J$82,IF((AND(F16>=59000,F16<60000)),$J$83,IF((AND(F16>=60000,F16<61000)),$J$84,"0"))))))))))))))))))))))))))))))))))))))))))))))))))))))))) -> 320
A17: 15 | B17: =Sheet1!B19 -> DDN-1306 | C17: =Sheet1!C19 -> PRK 1 STO.NINO,PENAPLATA | E17: =Sheet1!E19 -> JEMARIE LOPEZ ADENO | F17: =Sheet1!F19 -> 2795 | G17: =Sheet1!G19 -> 0 | H17: =F17*0.125 -> 349.375 | I17: =F17-G17-H17 -> 2445.625 | J17: =IF((AND(F17>=100,F17<5000)),$J$28,IF((AND(F17>=5000,F17<6000)),$J$29,IF((AND(F17>=6000,F17<7000)),$J$30,IF((AND(F17>=7000,F17<8000)),$J$31,IF((AND(F17>=8000,F17<9000)),$J$32,IF((AND(F17>=9000,F17<10000)),$J$33,IF((AND(F17>=10000,F17<11000)),$J$34,IF((AND(F17>=11000,F17<12000)),$J$35,IF((AND(F17>=12000,F17<13000)),$J$36,IF((AND(F17>=13000,F17<14000)),$J$37,IF((AND(F17>=14000,F17<15000)),$J$38,IF((AND(F17>=15000,F17<16000)),$J$39,IF((AND(F17>=16000,F17<17000)),$J$40,IF((AND(F17>=17000,F17<18000)),$J$41,IF((AND(F17>=18000,F17<19000)),$J$42,IF((AND(F17>=19000,F17<20000)),$J$43,IF((AND(F17>=20000,F17<21000)),$J$44,IF((AND(F17>=21000,F17<22000)),$J$45,IF((AND(F17>=22000,F17<23000)),$J$46,IF((AND(F17>=23000,F17<24000)),$J$47,IF((AND(F17>=24000,F17<25000)),$J$48,IF((AND(F17>=25000,F17<26000)),$J$49,IF((AND(F17>=26000,F17<27000)),$J$50,IF((AND(F17>=27000,F17<28000)),$J$51,IF((AND(F17>=28000,F17<29000)),$J$52,IF((AND(F17>=29000,F17<30000)),$J$53,IF((AND(F17>=30000,F17<31000)),$J$54,IF((AND(F17>=31000,F17<32000)),$J$55,IF((AND(F17>=32000,F17<33000)),$J$56,IF((AND(F17>=33000,F17<34000)),$J$57,IF((AND(F17>=34000,F17<35000)),$J$58,IF((AND(F17>=35000,F17<36000)),$J$59,IF((AND(F17>=36000,F17<37000)),$J$60,IF((AND(F17>=37000,F17<38000)),$J$61,IF((AND(F17>=38000,F17<39000)),$J$62,IF((AND(F17>=39000,F17<40000)),$J$63,IF((AND(F17>=40000,F17<41000)),$J$64,IF((AND(F17>=41000,F17<42000)),$J$65,IF((AND(F17>=42000,F17<43000)),$J$66,IF((AND(F17>=43000,F17<44000)),$J$67,IF((AND(F17>=44000,F17<45000)),$J$68,IF((AND(F17>=45000,F17<46000)),$J$69,IF((AND(F17>=46000,F17<47000)),$J$70,IF((AND(F17>=47000,F17<48000)),$J$71,IF((AND(F17>=48000,F17<49000)),$J$72,IF((AND(F17>=49000,F17<50000)),$J$73,IF((AND(F17>=50000,F17<51000)),$J$74,IF((AND(F17>=51000,F17<52000)),$J$75,IF((AND(F17>=52000,F17<53000)),$J$76,IF((AND(F17>=53000,F17<54000)),$J$77,IF((AND(F17>=54000,F17<55000)),$J$78,IF((AND(F17>=55000,F17<56000)),$J$79,IF((AND(F17>=56000,F17<57000)),$J$80,IF((AND(F17>=57000,F17<58000)),$J$81,IF((AND(F17>=58000,F17<59000)),$J$82,IF((AND(F17>=59000,F17<60000)),$J$83,IF((AND(F17>=60000,F17<61000)),$J$84,"0"))))))))))))))))))))))))))))))))))))))))))))))))))))))))) -> 250
A18: 16 | B18: =Sheet1!B20 -> DDN-1308 | C18: =Sheet1!C20 -> PRK 6 COGON,BABAK | E18: =Sheet1!E20 -> BELEN ALFONSO | F18: =Sheet1!F20 -> 5355 | G18: =Sheet1!G20 -> 0 | H18: =F18*0.125 -> 669.375 | I18: =F18-G18-H18 -> 4685.625 | J18: =IF((AND(F18>=100,F18<5000)),$J$28,IF((AND(F18>=5000,F18<6000)),$J$29,IF((AND(F18>=6000,F18<7000)),$J$30,IF((AND(F18>=7000,F18<8000)),$J$31,IF((AND(F18>=8000,F18<9000)),$J$32,IF((AND(F18>=9000,F18<10000)),$J$33,IF((AND(F18>=10000,F18<11000)),$J$34,IF((AND(F18>=11000,F18<12000)),$J$35,IF((AND(F18>=12000,F18<13000)),$J$36,IF((AND(F18>=13000,F18<14000)),$J$37,IF((AND(F18>=14000,F18<15000)),$J$38,IF((AND(F18>=15000,F18<16000)),$J$39,IF((AND(F18>=16000,F18<17000)),$J$40,IF((AND(F18>=17000,F18<18000)),$J$41,IF((AND(F18>=18000,F18<19000)),$J$42,IF((AND(F18>=19000,F18<20000)),$J$43,IF((AND(F18>=20000,F18<21000)),$J$44,IF((AND(F18>=21000,F18<22000)),$J$45,IF((AND(F18>=22000,F18<23000)),$J$46,IF((AND(F18>=23000,F18<24000)),$J$47,IF((AND(F18>=24000,F18<25000)),$J$48,IF((AND(F18>=25000,F18<26000)),$J$49,IF((AND(F18>=26000,F18<27000)),$J$50,IF((AND(F18>=27000,F18<28000)),$J$51,IF((AND(F18>=28000,F18<29000)),$J$52,IF((AND(F18>=29000,F18<30000)),$J$53,IF((AND(F18>=30000,F18<31000)),$J$54,IF((AND(F18>=31000,F18<32000)),$J$55,IF((AND(F18>=32000,F18<33000)),$J$56,IF((AND(F18>=33000,F18<34000)),$J$57,IF((AND(F18>=34000,F18<35000)),$J$58,IF((AND(F18>=35000,F18<36000)),$J$59,IF((AND(F18>=36000,F18<37000)),$J$60,IF((AND(F18>=37000,F18<38000)),$J$61,IF((AND(F18>=38000,F18<39000)),$J$62,IF((AND(F18>=39000,F18<40000)),$J$63,IF((AND(F18>=40000,F18<41000)),$J$64,IF((AND(F18>=41000,F18<42000)),$J$65,IF((AND(F18>=42000,F18<43000)),$J$66,IF((AND(F18>=43000,F18<44000)),$J$67,IF((AND(F18>=44000,F18<45000)),$J$68,IF((AND(F18>=45000,F18<46000)),$J$69,IF((AND(F18>=46000,F18<47000)),$J$70,IF((AND(F18>=47000,F18<48000)),$J$71,IF((AND(F18>=48000,F18<49000)),$J$72,IF((AND(F18>=49000,F18<50000)),$J$73,IF((AND(F18>=50000,F18<51000)),$J$74,IF((AND(F18>=51000,F18<52000)),$J$75,IF((AND(F18>=52000,F18<53000)),$J$76,IF((AND(F18>=53000,F18<54000)),$J$77,IF((AND(F18>=54000,F18<55000)),$J$78,IF((AND(F18>=55000,F18<56000)),$J$79,IF((AND(F18>=56000,F18<57000)),$J$80,IF((AND(F18>=57000,F18<58000)),$J$81,IF((AND(F18>=58000,F18<59000)),$J$82,IF((AND(F18>=59000,F18<60000)),$J$83,IF((AND(F18>=60000,F18<61000)),$J$84,"0"))))))))))))))))))))))))))))))))))))))))))))))))))))))))) -> 300
A19: 17 | B19: =Sheet1!B21 -> DDN-1588 | C19: =Sheet1!C21 -> PRK 2 STO.NINO,PENAPLATA | E19: =Sheet1!E21 -> MARYJEAN BOGHANOY | F19: =Sheet1!F21 -> 2560 | G19: =Sheet1!G21 -> 800 | H19: =F19*0.125 -> 320 | I19: =F19-G19-H19 -> 1440 | J19: =IF((AND(F19>=100,F19<5000)),$J$28,IF((AND(F19>=5000,F19<6000)),$J$29,IF((AND(F19>=6000,F19<7000)),$J$30,IF((AND(F19>=7000,F19<8000)),$J$31,IF((AND(F19>=8000,F19<9000)),$J$32,IF((AND(F19>=9000,F19<10000)),$J$33,IF((AND(F19>=10000,F19<11000)),$J$34,IF((AND(F19>=11000,F19<12000)),$J$35,IF((AND(F19>=12000,F19<13000)),$J$36,IF((AND(F19>=13000,F19<14000)),$J$37,IF((AND(F19>=14000,F19<15000)),$J$38,IF((AND(F19>=15000,F19<16000)),$J$39,IF((AND(F19>=16000,F19<17000)),$J$40,IF((AND(F19>=17000,F19<18000)),$J$41,IF((AND(F19>=18000,F19<19000)),$J$42,IF((AND(F19>=19000,F19<20000)),$J$43,IF((AND(F19>=20000,F19<21000)),$J$44,IF((AND(F19>=21000,F19<22000)),$J$45,IF((AND(F19>=22000,F19<23000)),$J$46,IF((AND(F19>=23000,F19<24000)),$J$47,IF((AND(F19>=24000,F19<25000)),$J$48,IF((AND(F19>=25000,F19<26000)),$J$49,IF((AND(F19>=26000,F19<27000)),$J$50,IF((AND(F19>=27000,F19<28000)),$J$51,IF((AND(F19>=28000,F19<29000)),$J$52,IF((AND(F19>=29000,F19<30000)),$J$53,IF((AND(F19>=30000,F19<31000)),$J$54,IF((AND(F19>=31000,F19<32000)),$J$55,IF((AND(F19>=32000,F19<33000)),$J$56,IF((AND(F19>=33000,F19<34000)),$J$57,IF((AND(F19>=34000,F19<35000)),$J$58,IF((AND(F19>=35000,F19<36000)),$J$59,IF((AND(F19>=36000,F19<37000)),$J$60,IF((AND(F19>=37000,F19<38000)),$J$61,IF((AND(F19>=38000,F19<39000)),$J$62,IF((AND(F19>=39000,F19<40000)),$J$63,IF((AND(F19>=40000,F19<41000)),$J$64,IF((AND(F19>=41000,F19<42000)),$J$65,IF((AND(F19>=42000,F19<43000)),$J$66,IF((AND(F19>=43000,F19<44000)),$J$67,IF((AND(F19>=44000,F19<45000)),$J$68,IF((AND(F19>=45000,F19<46000)),$J$69,IF((AND(F19>=46000,F19<47000)),$J$70,IF((AND(F19>=47000,F19<48000)),$J$71,IF((AND(F19>=48000,F19<49000)),$J$72,IF((AND(F19>=49000,F19<50000)),$J$73,IF((AND(F19>=50000,F19<51000)),$J$74,IF((AND(F19>=51000,F19<52000)),$J$75,IF((AND(F19>=52000,F19<53000)),$J$76,IF((AND(F19>=53000,F19<54000)),$J$77,IF((AND(F19>=54000,F19<55000)),$J$78,IF((AND(F19>=55000,F19<56000)),$J$79,IF((AND(F19>=56000,F19<57000)),$J$80,IF((AND(F19>=57000,F19<58000)),$J$81,IF((AND(F19>=58000,F19<59000)),$J$82,IF((AND(F19>=59000,F19<60000)),$J$83,IF((AND(F19>=60000,F19<61000)),$J$84,"0"))))))))))))))))))))))))))))))))))))))))))))))))))))))))) -> 250
A20: 18 | B20: =Sheet1!B22 -> DDN-1589 | C20: =Sheet1!C22 -> KINAWITNON,BABAK DISTRICT (TEMPORARY DEACTIVATED) | E20: =Sheet1!E22 -> 0 | F20: =Sheet1!F22 -> 0 | G20: =Sheet1!G22 -> 0 | H20: =F20*0.125 -> 0 | I20: =F20-G20-H20 -> 0 | J20: =IF((AND(F20>=100,F20<5000)),$J$28,IF((AND(F20>=5000,F20<6000)),$J$29,IF((AND(F20>=6000,F20<7000)),$J$30,IF((AND(F20>=7000,F20<8000)),$J$31,IF((AND(F20>=8000,F20<9000)),$J$32,IF((AND(F20>=9000,F20<10000)),$J$33,IF((AND(F20>=10000,F20<11000)),$J$34,IF((AND(F20>=11000,F20<12000)),$J$35,IF((AND(F20>=12000,F20<13000)),$J$36,IF((AND(F20>=13000,F20<14000)),$J$37,IF((AND(F20>=14000,F20<15000)),$J$38,IF((AND(F20>=15000,F20<16000)),$J$39,IF((AND(F20>=16000,F20<17000)),$J$40,IF((AND(F20>=17000,F20<18000)),$J$41,IF((AND(F20>=18000,F20<19000)),$J$42,IF((AND(F20>=19000,F20<20000)),$J$43,IF((AND(F20>=20000,F20<21000)),$J$44,IF((AND(F20>=21000,F20<22000)),$J$45,IF((AND(F20>=22000,F20<23000)),$J$46,IF((AND(F20>=23000,F20<24000)),$J$47,IF((AND(F20>=24000,F20<25000)),$J$48,IF((AND(F20>=25000,F20<26000)),$J$49,IF((AND(F20>=26000,F20<27000)),$J$50,IF((AND(F20>=27000,F20<28000)),$J$51,IF((AND(F20>=28000,F20<29000)),$J$52,IF((AND(F20>=29000,F20<30000)),$J$53,IF((AND(F20>=30000,F20<31000)),$J$54,IF((AND(F20>=31000,F20<32000)),$J$55,IF((AND(F20>=32000,F20<33000)),$J$56,IF((AND(F20>=33000,F20<34000)),$J$57,IF((AND(F20>=34000,F20<35000)),$J$58,IF((AND(F20>=35000,F20<36000)),$J$59,IF((AND(F20>=36000,F20<37000)),$J$60,IF((AND(F20>=37000,F20<38000)),$J$61,IF((AND(F20>=38000,F20<39000)),$J$62,IF((AND(F20>=39000,F20<40000)),$J$63,IF((AND(F20>=40000,F20<41000)),$J$64,IF((AND(F20>=41000,F20<42000)),$J$65,IF((AND(F20>=42000,F20<43000)),$J$66,IF((AND(F20>=43000,F20<44000)),$J$67,IF((AND(F20>=44000,F20<45000)),$J$68,IF((AND(F20>=45000,F20<46000)),$J$69,IF((AND(F20>=46000,F20<47000)),$J$70,IF((AND(F20>=47000,F20<48000)),$J$71,IF((AND(F20>=48000,F20<49000)),$J$72,IF((AND(F20>=49000,F20<50000)),$J$73,IF((AND(F20>=50000,F20<51000)),$J$74,IF((AND(F20>=51000,F20<52000)),$J$75,IF((AND(F20>=52000,F20<53000)),$J$76,IF((AND(F20>=53000,F20<54000)),$J$77,IF((AND(F20>=54000,F20<55000)),$J$78,IF((AND(F20>=55000,F20<56000)),$J$79,IF((AND(F20>=56000,F20<57000)),$J$80,IF((AND(F20>=57000,F20<58000)),$J$81,IF((AND(F20>=58000,F20<59000)),$J$82,IF((AND(F20>=59000,F20<60000)),$J$83,IF((AND(F20>=60000,F20<61000)),$J$84,"0"))))))))))))))))))))))))))))))))))))))))))))))))))))))))) -> 0
A21: 19 | B21: DDN-1755 | C21: PRK 3 COGON | F21: =Sheet1!F32 -> 0 | G21: =Sheet1!F32 -> 0 | H21: =F21*0.125 -> 0 | I21: =F21-G21-H21 -> 0 | J21: =IF((AND(F21>=100,F21<5000)),$J$28,IF((AND(F21>=5000,F21<6000)),$J$29,IF((AND(F21>=6000,F21<7000)),$J$30,IF((AND(F21>=7000,F21<8000)),$J$31,IF((AND(F21>=8000,F21<9000)),$J$32,IF((AND(F21>=9000,F21<10000)),$J$33,IF((AND(F21>=10000,F21<11000)),$J$34,IF((AND(F21>=11000,F21<12000)),$J$35,IF((AND(F21>=12000,F21<13000)),$J$36,IF((AND(F21>=13000,F21<14000)),$J$37,IF((AND(F21>=14000,F21<15000)),$J$38,IF((AND(F21>=15000,F21<16000)),$J$39,IF((AND(F21>=16000,F21<17000)),$J$40,IF((AND(F21>=17000,F21<18000)),$J$41,IF((AND(F21>=18000,F21<19000)),$J$42,IF((AND(F21>=19000,F21<20000)),$J$43,IF((AND(F21>=20000,F21<21000)),$J$44,IF((AND(F21>=21000,F21<22000)),$J$45,IF((AND(F21>=22000,F21<23000)),$J$46,IF((AND(F21>=23000,F21<24000)),$J$47,IF((AND(F21>=24000,F21<25000)),$J$48,IF((AND(F21>=25000,F21<26000)),$J$49,IF((AND(F21>=26000,F21<27000)),$J$50,IF((AND(F21>=27000,F21<28000)),$J$51,IF((AND(F21>=28000,F21<29000)),$J$52,IF((AND(F21>=29000,F21<30000)),$J$53,IF((AND(F21>=30000,F21<31000)),$J$54,IF((AND(F21>=31000,F21<32000)),$J$55,IF((AND(F21>=32000,F21<33000)),$J$56,IF((AND(F21>=33000,F21<34000)),$J$57,IF((AND(F21>=34000,F21<35000)),$J$58,IF((AND(F21>=35000,F21<36000)),$J$59,IF((AND(F21>=36000,F21<37000)),$J$60,IF((AND(F21>=37000,F21<38000)),$J$61,IF((AND(F21>=38000,F21<39000)),$J$62,IF((AND(F21>=39000,F21<40000)),$J$63,IF((AND(F21>=40000,F21<41000)),$J$64,IF((AND(F21>=41000,F21<42000)),$J$65,IF((AND(F21>=42000,F21<43000)),$J$66,IF((AND(F21>=43000,F21<44000)),$J$67,IF((AND(F21>=44000,F21<45000)),$J$68,IF((AND(F21>=45000,F21<46000)),$J$69,IF((AND(F21>=46000,F21<47000)),$J$70,IF((AND(F21>=47000,F21<48000)),$J$71,IF((AND(F21>=48000,F21<49000)),$J$72,IF((AND(F21>=49000,F21<50000)),$J$73,IF((AND(F21>=50000,F21<51000)),$J$74,IF((AND(F21>=51000,F21<52000)),$J$75,IF((AND(F21>=52000,F21<53000)),$J$76,IF((AND(F21>=53000,F21<54000)),$J$77,IF((AND(F21>=54000,F21<55000)),$J$78,IF((AND(F21>=55000,F21<56000)),$J$79,IF((AND(F21>=56000,F21<57000)),$J$80,IF((AND(F21>=57000,F21<58000)),$J$81,IF((AND(F21>=58000,F21<59000)),$J$82,IF((AND(F21>=59000,F21<60000)),$J$83,IF((AND(F21>=60000,F21<61000)),$J$84,"0"))))))))))))))))))))))))))))))))))))))))))))))))))))))))) -> 0
D22: COLLECTOR | E22: NELSON | F22: =Sheet1!F41 -> 0 | G22: =Sheet1!G41 -> 0 | H22: =F22*0.125 -> 0 | J22: 500
C23: TOTAL | D23: TOTAL | F23: =SUM(F3:F22) -> 74695 | G23: =SUM(G3:G22) -> 21200 | H23: =SUM(H3:H22) -> 9336.875 | I23: =SUM(I3:I22) -> 44158.125 | J23: =SUM(J3:J22) -> 4880
H24: COMMISSION | I24: =H23 -> 9336.875
H25: TOTAL GROSS | I25: =SUM(I23:I24) -> 53495
J28: 250
H29: 5000 | I29: 6000 | J29: 300
H30: =H29+1000 -> 6000 | I30: =I29+1000 -> 7000 | J30: =J29+10 -> 310
H31: =H30+1000 -> 7000 | I31: =I30+1000 -> 8000 | J31: =J30+10 -> 320
H32: =H31+1000 -> 8000 | I32: =I31+1000 -> 9000 | J32: =J31+10 -> 330
H33: =H32+1000 -> 9000 | I33: =I32+1000 -> 10000 | J33: =J32+10 -> 340
H34: =H33+1000 -> 10000 | I34: =I33+1000 -> 11000 | J34: =J33+10 -> 350
H35: =H34+1000 -> 11000 | I35: =I34+1000 -> 12000 | J35: =J34+10 -> 360
H36: =H35+1000 -> 12000 | I36: =I35+1000 -> 13000 | J36: =J35+10 -> 370
H37: =H36+1000 -> 13000 | I37: =I36+1000 -> 14000 | J37: =J36+10 -> 380
H38: =H37+1000 -> 14000 | I38: =I37+1000 -> 15000 | J38: =J37+10 -> 390
H39: =H38+1000 -> 15000 | I39: =I38+1000 -> 16000 | J39: =J38+10 -> 400
H40: =H39+1000 -> 16000 | I40: =I39+1000 -> 17000 | J40: =J39+10 -> 410
H41: =H40+1000 -> 17000 | I41: =I40+1000 -> 18000 | J41: =J40+10 -> 420
... H80: =H79+1000 -> 56000 | I80: =I79+1000 -> 57000 | J80: =J79+10 -> 810

Sheet CHARLIE AREA
C1: DATE | D1: DATE | E1: =Sheet1!E1 -> 46268 | F1: SAMAL
A2: NO. | B2: BOOTH CODE | C2: ADDRESS | D2: OUTLETS | E2: TELLER | F2: TOTAL BETS | G2: PAY OUT | H2: COMMISSION | I2: PALAWAN | J2: SALARY
A3: 1 | B3: =Sheet1!B6 -> DDN-1286 | C3: =Sheet1!C6 -> PRK1B PENAPLATA DDN | E3: =Sheet1!E6 -> DIANA B. CANILLO SARAGENA | F3: =IFERROR(VLOOKUP($B3,'EOD - SEPTEMBER 3, 2026'!$B$2:$G$1004,3,FALSE()),0) -> 10015 | G3: =Sheet1!G6 -> 1200 | H3: =F3*0.125 -> 1251.875 | I3: =F3-G3-H3 -> 7563.125 | J3: =IF((AND(F3>=100,F3<5000)),$J$28,IF((AND(F3>=5000,F3<6000)),$J$29,IF((AND(F3>=6000,F3<7000)),$J$30,IF((AND(F3>=7000,F3<8000)),$J$31,IF((AND(F3>=8000,F3<9000)),$J$32,IF((AND(F3>=9000,F3<10000)),$J$33,IF((AND(F3>=10000,F3<11000)),$J$34,IF((AND(F3>=11000,F3<12000)),$J$35,IF((AND(F3>=12000,F3<13000)),$J$36,IF((AND(F3>=13000,F3<14000)),$J$37,IF((AND(F3>=14000,F3<15000)),$J$38,IF((AND(F3>=15000,F3<16000)),$J$39,IF((AND(F3>=16000,F3<17000)),$J$40,IF((AND(F3>=17000,F3<18000)),$J$41,IF((AND(F3>=18000,F3<19000)),$J$42,IF((AND(F3>=19000,F3<20000)),$J$43,IF((AND(F3>=20000,F3<21000)),$J$44,IF((AND(F3>=21000,F3<22000)),$J$45,IF((AND(F3>=22000,F3<23000)),$J$46,IF((AND(F3>=23000,F3<24000)),$J$47,IF((AND(F3>=24000,F3<25000)),$J$48,IF((AND(F3>=25000,F3<26000)),$J$49,IF((AND(F3>=26000,F3<27000)),$J$50,IF((AND(F3>=27000,F3<28000)),$J$51,IF((AND(F3>=28000,F3<29000)),$J$52,IF((AND(F3>=29000,F3<30000)),$J$53,IF((AND(F3>=30000,F3<31000)),$J$54,IF((AND(F3>=31000,F3<32000)),$J$55,IF((AND(F3>=32000,F3<33000)),$J$56,IF((AND(F3>=33000,F3<34000)),$J$57,IF((AND(F3>=34000,F3<35000)),$J$58,IF((AND(F3>=35000,F3<36000)),$J$59,IF((AND(F3>=36000,F3<37000)),$J$60,IF((AND(F3>=37000,F3<38000)),$J$61,IF((AND(F3>=38000,F3<39000)),$J$62,IF((AND(F3>=39000,F3<40000)),$J$63,IF((AND(F3>=40000,F3<41000)),$J$64,IF((AND(F3>=41000,F3<42000)),$J$65,IF((AND(F3>=42000,F3<43000)),$J$66,IF((AND(F3>=43000,F3<44000)),$J$67,IF((AND(F3>=44000,F3<45000)),$J$68,IF((AND(F3>=45000,F3<46000)),$J$69,IF((AND(F3>=46000,F3<47000)),$J$70,IF((AND(F3>=47000,F3<48000)),$J$71,IF((AND(F3>=48000,F3<49000)),$J$72,IF((AND(F3>=49000,F3<50000)),$J$73,IF((AND(F3>=50000,F3<51000)),$J$74,IF((AND(F3>=51000,F3<52000)),$J$75,IF((AND(F3>=52000,F3<53000)),$J$76,IF((AND(F3>=53000,F3<54000)),$J$77,IF((AND(F3>=54000,F3<55000)),$J$78,IF((AND(F3>=55000,F3<56000)),$J$79,IF((AND(F3>=56000,F3<57000)),$J$80,IF((AND(F3>=57000,F3<58000)),$J$81,IF((AND(F3>=58000,F3<59000)),$J$82,IF((AND(F3>=59000,F3<60000)),$J$83,IF((AND(F3>=60000,F3<61000)),$J$84,"0"))))))))))))))))))))))))))))))))))))))))))))))))))))))))) -> 350
A4: 2 | B4: =Sheet1!B16 -> DDN-1302 | C4: =Sheet1!C16 -> P2 LIMAO,PENAPLATA | E4: =Sheet1!E16 -> Caren Espinosa | F4: =IFERROR(VLOOKUP($B4,'EOD - SEPTEMBER 3, 2026'!$B$2:$G$1004,3,FALSE()),0) -> 8174 | G4: =Sheet1!G16 -> 6800 | H4: =F4*0.125 -> 1021.75 | I4: =F4-G4-H4 -> 352.25 | J4: =IF((AND(F4>=100,F4<5000)),$J$28,IF((AND(F4>=5000,F4<6000)),$J$29,IF((AND(F4>=6000,F4<7000)),$J$30,IF((AND(F4>=7000,F4<8000)),$J$31,IF((AND(F4>=8000,F4<9000)),$J$32,IF((AND(F4>=9000,F4<10000)),$J$33,IF((AND(F4>=10000,F4<11000)),$J$34,IF((AND(F4>=11000,F4<12000)),$J$35,IF((AND(F4>=12000,F4<13000)),$J$36,IF((AND(F4>=13000,F4<14000)),$J$37,IF((AND(F4>=14000,F4<15000)),$J$38,IF((AND(F4>=15000,F4<16000)),$J$39,IF((AND(F4>=16000,F4<17000)),$J$40,IF((AND(F4>=17000,F4<18000)),$J$41,IF((AND(F4>=18000,F4<19000)),$J$42,IF((AND(F4>=19000,F4<20000)),$J$43,IF((AND(F4>=20000,F4<21000)),$J$44,IF((AND(F4>=21000,F4<22000)),$J$45,IF((AND(F4>=22000,F4<23000)),$J$46,IF((AND(F4>=23000,F4<24000)),$J$47,IF((AND(F4>=24000,F4<25000)),$J$48,IF((AND(F4>=25000,F4<26000)),$J$49,IF((AND(F4>=26000,F4<27000)),$J$50,IF((AND(F4>=27000,F4<28000)),$J$51,IF((AND(F4>=28000,F4<29000)),$J$52,IF((AND(F4>=29000,F4<30000)),$J$53,IF((AND(F4>=30000,F4<31000)),$J$54,IF((AND(F4>=31000,F4<32000)),$J$55,IF((AND(F4>=32000,F4<33000)),$J$56,IF((AND(F4>=33000,F4<34000)),$J$57,IF((AND(F4>=34000,F4<35000)),$J$58,IF((AND(F4>=35000,F4<36000)),$J$59,IF((AND(F4>=36000,F4<37000)),$J$60,IF((AND(F4>=37000,F4<38000)),$J$61,IF((AND(F4>=38000,F4<39000)),$J$62,IF((AND(F4>=39000,F4<40000)),$J$63,IF((AND(F4>=40000,F4<41000)),$J$64,IF((AND(F4>=41000,F4<42000)),$J$65,IF((AND(F4>=42000,F4<43000)),$J$66,IF((AND(F4>=43000,F4<44000)),$J$67,IF((AND(F4>=44000,F4<45000)),$J$68,IF((AND(F4>=45000,F4<46000)),$J$69,IF((AND(F4>=46000,F4<47000)),$J$70,IF((AND(F4>=47000,F4<48000)),$J$71,IF((AND(F4>=48000,F4<49000)),$J$72,IF((AND(F4>=49000,F4<50000)),$J$73,IF((AND(F4>=50000,F4<51000)),$J$74,IF((AND(F4>=51000,F4<52000)),$J$75,IF((AND(F4>=52000,F4<53000)),$J$76,IF((AND(F4>=53000,F4<54000)),$J$77,IF((AND(F4>=54000,F4<55000)),$J$78,IF((AND(F4>=55000,F4<56000)),$J$79,IF((AND(F4>=56000,F4<57000)),$J$80,IF((AND(F4>=57000,F4<58000)),$J$81,IF((AND(F4>=58000,F4<59000)),$J$82,IF((AND(F4>=59000,F4<60000)),$J$83,IF((AND(F4>=60000,F4<61000)),$J$84,"0"))))))))))))))))))))))))))))))))))))))))))))))))))))))))) -> 330
A5: 3 | B5: =Sheet1!B23 -> DDN-1630 | C5: =Sheet1!C23 -> Prk 7, ANUNANG, KAPUTIAN, IGACOS (TEMPORARY DEACTIVATED) | E5: =Sheet1!E23 -> 0 | F5: =IFERROR(VLOOKUP($B5,'EOD - SEPTEMBER 3, 2026'!$B$2:$G$1004,3,FALSE()),0) -> 0 | G5: =Sheet1!G23 -> 0 | H5: =F5*0.125 -> 0 | I5: =F5-G5-H5 -> 0 | J5: =IF((AND(F5>=100,F5<5000)),$J$28,IF((AND(F5>=5000,F5<6000)),$J$29,IF((AND(F5>=6000,F5<7000)),$J$30,IF((AND(F5>=7000,F5<8000)),$J$31,IF((AND(F5>=8000,F5<9000)),$J$32,IF((AND(F5>=9000,F5<10000)),$J$33,IF((AND(F5>=10000,F5<11000)),$J$34,IF((AND(F5>=11000,F5<12000)),$J$35,IF((AND(F5>=12000,F5<13000)),$J$36,IF((AND(F5>=13000,F5<14000)),$J$37,IF((AND(F5>=14000,F5<15000)),$J$38,IF((AND(F5>=15000,F5<16000)),$J$39,IF((AND(F5>=16000,F5<17000)),$J$40,IF((AND(F5>=17000,F5<18000)),$J$41,IF((AND(F5>=18000,F5<19000)),$J$42,IF((AND(F5>=19000,F5<20000)),$J$43,IF((AND(F5>=20000,F5<21000)),$J$44,IF((AND(F5>=21000,F5<22000)),$J$45,IF((AND(F5>=22000,F5<23000)),$J$46,IF((AND(F5>=23000,F5<24000)),$J$47,IF((AND(F5>=24000,F5<25000)),$J$48,IF((AND(F5>=25000,F5<26000)),$J$49,IF((AND(F5>=26000,F5<27000)),$J$50,IF((AND(F5>=27000,F5<28000)),$J$51,IF((AND(F5>=28000,F5<29000)),$J$52,IF((AND(F5>=29000,F5<30000)),$J$53,IF((AND(F5>=30000,F5<31000)),$J$54,IF((AND(F5>=31000,F5<32000)),$J$55,IF((AND(F5>=32000,F5<33000)),$J$56,IF((AND(F5>=33000,F5<34000)),$J$57,IF((AND(F5>=34000,F5<35000)),$J$58,IF((AND(F5>=35000,F5<36000)),$J$59,IF((AND(F5>=36000,F5<37000)),$J$60,IF((AND(F5>=37000,F5<38000)),$J$61,IF((AND(F5>=38000,F5<39000)),$J$62,IF((AND(F5>=39000,F5<40000)),$J$63,IF((AND(F5>=40000,F5<41000)),$J$64,IF((AND(F5>=41000,F5<42000)),$J$65,IF((AND(F5>=42000,F5<43000)),$J$66,IF((AND(F5>=43000,F5<44000)),$J$67,IF((AND(F5>=44000,F5<45000)),$J$68,IF((AND(F5>=45000,F5<46000)),$J$69,IF((AND(F5>=46000,F5<47000)),$J$70,IF((AND(F5>=47000,F5<48000)),$J$71,IF((AND(F5>=48000,F5<49000)),$J$72,IF((AND(F5>=49000,F5<50000)),$J$73,IF((AND(F5>=50000,F5<51000)),$J$74,IF((AND(F5>=51000,F5<52000)),$J$75,IF((AND(F5>=52000,F5<53000)),$J$76,IF((AND(F5>=53000,F5<54000)),$J$77,IF((AND(F5>=54000,F5<55000)),$J$78,IF((AND(F5>=55000,F5<56000)),$J$79,IF((AND(F5>=56000,F5<57000)),$J$80,IF((AND(F5>=57000,F5<58000)),$J$81,IF((AND(F5>=58000,F5<59000)),$J$82,IF((AND(F5>=59000,F5<60000)),$J$83,IF((AND(F5>=60000,F5<61000)),$J$84,"0"))))))))))))))))))))))))))))))))))))))))))))))))))))))))) -> 0
A6: 4 | B6: =Sheet1!B24 -> DDN-1631 | C6: =Sheet1!C24 -> PORUK 3, AUMBAY, SAMAL | E6: =Sheet1!E24 -> AMABELLE GIAN | F6: =IFERROR(VLOOKUP($B6,'EOD - SEPTEMBER 3, 2026'!$B$2:$G$1004,3,FALSE()),0) -> 2640 | G6: =Sheet1!G24 -> 0 | H6: =F6*0.125 -> 330 | I6: =F6-G6-H6 -> 2310 | J6: =IF((AND(F6>=100,F6<5000)),$J$28,IF((AND(F6>=5000,F6<6000)),$J$29,IF((AND(F6>=6000,F6<7000)),$J$30,IF((AND(F6>=7000,F6<8000)),$J$31,IF((AND(F6>=8000,F6<9000)),$J$32,IF((AND(F6>=9000,F6<10000)),$J$33,IF((AND(F6>=10000,F6<11000)),$J$34,IF((AND(F6>=11000,F6<12000)),$J$35,IF((AND(F6>=12000,F6<13000)),$J$36,IF((AND(F6>=13000,F6<14000)),$J$37,IF((AND(F6>=14000,F6<15000)),$J$38,IF((AND(F6>=15000,F6<16000)),$J$39,IF((AND(F6>=16000,F6<17000)),$J$40,IF((AND(F6>=17000,F6<18000)),$J$41,IF((AND(F6>=18000,F6<19000)),$J$42,IF((AND(F6>=19000,F6<20000)),$J$43,IF((AND(F6>=20000,F6<21000)),$J$44,IF((AND(F6>=21000,F6<22000)),$J$45,IF((AND(F6>=22000,F6<23000)),$J$46,IF((AND(F6>=23000,F6<24000)),$J$47,IF((AND(F6>=24000,F6<25000)),$J$48,IF((AND(F6>=25000,F6<26000)),$J$49,IF((AND(F6>=26000,F6<27000)),$J$50,IF((AND(F6>=27000,F6<28000)),$J$51,IF((AND(F6>=28000,F6<29000)),$J$52,IF((AND(F6>=29000,F6<30000)),$J$53,IF((AND(F6>=30000,F6<31000)),$J$54,IF((AND(F6>=31000,F6<32000)),$J$55,IF((AND(F6>=32000,F6<33000)),$J$56,IF((AND(F6>=33000,F6<34000)),$J$57,IF((AND(F6>=34000,F6<35000)),$J$58,IF((AND(F6>=35000,F6<36000)),$J$59,IF((AND(F6>=36000,F6<37000)),$J$60,IF((AND(F6>=37000,F6<38000)),$J$61,IF((AND(F6>=38000,F6<39000)),$J$62,IF((AND(F6>=39000,F6<40000)),$J$63,IF((AND(F6>=40000,F6<41000)),$J$64,IF((AND(F6>=41000,F6<42000)),$J$65,IF((AND(F6>=42000,F6<43000)),$J$66,IF((AND(F6>=43000,F6<44000)),$J$67,IF((AND(F6>=44000,F6<45000)),$J$68,IF((AND(F6>=45000,F6<46000)),$J$69,IF((AND(F6>=46000,F6<47000)),$J$70,IF((AND(F6>=47000,F6<48000)),$J$71,IF((AND(F6>=48000,F6<49000)),$J$72,IF((AND(F6>=49000,F6<50000)),$J$73,IF((AND(F6>=50000,F6<51000)),$J$74,IF((AND(F6>=51000,F6<52000)),$J$75,IF((AND(F6>=52000,F6<53000)),$J$76,IF((AND(F6>=53000,F6<54000)),$J$77,IF((AND(F6>=54000,F6<55000)),$J$78,IF((AND(F6>=55000,F6<56000)),$J$79,IF((AND(F6>=56000,F6<57000)),$J$80,IF((AND(F6>=57000,F6<58000)),$J$81,IF((AND(F6>=58000,F6<59000)),$J$82,IF((AND(F6>=59000,F6<60000)),$J$83,IF((AND(F6>=60000,F6<61000)),$J$84,"0"))))))))))))))))))))))))))))))))))))))))))))))))))))))))) -> 250
A7: 5 | B7: =Sheet1!B25 -> DDN-1632 | C7: =Sheet1!C25 -> PUROK 1, TAGBAY SAMAL | E7: =Sheet1!E25 -> Jeralyne Marcellones | F7: =IFERROR(VLOOKUP($B7,'EOD - SEPTEMBER 3, 2026'!$B$2:$G$1004,3,FALSE()),0) -> 3790 | G7: =Sheet1!G25 -> 2000 | H7: =F7*0.125 -> 473.75 | I7: =F7-G7-H7 -> 1316.25 | J7: =IF((AND(F7>=100,F7<5000)),$J$28,IF((AND(F7>=5000,F7<6000)),$J$29,IF((AND(F7>=6000,F7<7000)),$J$30,IF((AND(F7>=7000,F7<8000)),$J$31,IF((AND(F7>=8000,F7<9000)),$J$32,IF((AND(F7>=9000,F7<10000)),$J$33,IF((AND(F7>=10000,F7<11000)),$J$34,IF((AND(F7>=11000,F7<12000)),$J$35,IF((AND(F7>=12000,F7<13000)),$J$36,IF((AND(F7>=13000,F7<14000)),$J$37,IF((AND(F7>=14000,F7<15000)),$J$38,IF((AND(F7>=15000,F7<16000)),$J$39,IF((AND(F7>=16000,F7<17000)),$J$40,IF((AND(F7>=17000,F7<18000)),$J$41,IF((AND(F7>=18000,F7<19000)),$J$42,IF((AND(F7>=19000,F7<20000)),$J$43,IF((AND(F7>=20000,F7<21000)),$J$44,IF((AND(F7>=21000,F7<22000)),$J$45,IF((AND(F7>=22000,F7<23000)),$J$46,IF((AND(F7>=23000,F7<24000)),$J$47,IF((AND(F7>=24000,F7<25000)),$J$48,IF((AND(F7>=25000,F7<26000)),$J$49,IF((AND(F7>=26000,F7<27000)),$J$50,IF((AND(F7>=27000,F7<28000)),$J$51,IF((AND(F7>=28000,F7<29000)),$J$52,IF((AND(F7>=29000,F7<30000)),$J$53,IF((AND(F7>=30000,F7<31000)),$J$54,IF((AND(F7>=31000,F7<32000)),$J$55,IF((AND(F7>=32000,F7<33000)),$J$56,IF((AND(F7>=33000,F7<34000)),$J$57,IF((AND(F7>=34000,F7<35000)),$J$58,IF((AND(F7>=35000,F7<36000)),$J$59,IF((AND(F7>=36000,F7<37000)),$J$60,IF((AND(F7>=37000,F7<38000)),$J$61,IF((AND(F7>=38000,F7<39000)),$J$62,IF((AND(F7>=39000,F7<40000)),$J$63,IF((AND(F7>=40000,F7<41000)),$J$64,IF((AND(F7>=41000,F7<42000)),$J$65,IF((AND(F7>=42000,F7<43000)),$J$66,IF((AND(F7>=43000,F7<44000)),$J$67,IF((AND(F7>=44000,F7<45000)),$J$68,IF((AND(F7>=45000,F7<46000)),$J$69,IF((AND(F7>=46000,F7<47000)),$J$70,IF((AND(F7>=47000,F7<48000)),$J$71,IF((AND(F7>=48000,F7<49000)),$J$72,IF((AND(F7>=49000,F7<50000)),$J$73,IF((AND(F7>=50000,F7<51000)),$J$74,IF((AND(F7>=51000,F7<52000)),$J$75,IF((AND(F7>=52000,F7<53000)),$J$76,IF((AND(F7>=53000,F7<54000)),$J$77,IF((AND(F7>=54000,F7<55000)),$J$78,IF((AND(F7>=55000,F7<56000)),$J$79,IF((AND(F7>=56000,F7<57000)),$J$80,IF((AND(F7>=57000,F7<58000)),$J$81,IF((AND(F7>=58000,F7<59000)),$J$82,IF((AND(F7>=59000,F7<60000)),$J$83,IF((AND(F7>=60000,F7<61000)),$J$84,"0"))))))))))))))))))))))))))))))))))))))))))))))))))))))))) -> 250
A8: 6 | B8: =Sheet1!B26 -> DDN-1634 | C8: =Sheet1!C26 -> TAGBITINAO, GUILON | E8: =Sheet1!E26 -> ILLAINE YBAÑEZ | F8: =IFERROR(VLOOKUP($B8,'EOD - SEPTEMBER 3, 2026'!$B$2:$G$1004,3,FALSE()),0) -> 5420 | G8: =Sheet1!G26 -> 0 | H8: =F8*0.125 -> 677.5 | I8: =F8-G8-H8 -> 4742.5 | J8: =IF((AND(F8>=100,F8<5000)),$J$28,IF((AND(F8>=5000,F8<6000)),$J$29,IF((AND(F8>=6000,F8<7000)),$J$30,IF((AND(F8>=7000,F8<8000)),$J$31,IF((AND(F8>=8000,F8<9000)),$J$32,IF((AND(F8>=9000,F8<10000)),$J$33,IF((AND(F8>=10000,F8<11000)),$J$34,IF((AND(F8>=11000,F8<12000)),$J$35,IF((AND(F8>=12000,F8<13000)),$J$36,IF((AND(F8>=13000,F8<14000)),$J$37,IF((AND(F8>=14000,F8<15000)),$J$38,IF((AND(F8>=15000,F8<16000)),$J$39,IF((AND(F8>=16000,F8<17000)),$J$40,IF((AND(F8>=17000,F8<18000)),$J$41,IF((AND(F8>=18000,F8<19000)),$J$42,IF((AND(F8>=19000,F8<20000)),$J$43,IF((AND(F8>=20000,F8<21000)),$J$44,IF((AND(F8>=21000,F8<22000)),$J$45,IF((AND(F8>=22000,F8<23000)),$J$46,IF((AND(F8>=23000,F8<24000)),$J$47,IF((AND(F8>=24000,F8<25000)),$J$48,IF((AND(F8>=25000,F8<26000)),$J$49,IF((AND(F8>=26000,F8<27000)),$J$50,IF((AND(F8>=27000,F8<28000)),$J$51,IF((AND(F8>=28000,F8<29000)),$J$52,IF((AND(F8>=29000,F8<30000)),$J$53,IF((AND(F8>=30000,F8<31000)),$J$54,IF((AND(F8>=31000,F8<32000)),$J$55,IF((AND(F8>=32000,F8<33000)),$J$56,IF((AND(F8>=33000,F8<34000)),$J$57,IF((AND(F8>=34000,F8<35000)),$J$58,IF((AND(F8>=35000,F8<36000)),$J$59,IF((AND(F8>=36000,F8<37000)),$J$60,IF((AND(F8>=37000,F8<38000)),$J$61,IF((AND(F8>=38000,F8<39000)),$J$62,IF((AND(F8>=39000,F8<40000)),$J$63,IF((AND(F8>=40000,F8<41000)),$J$64,IF((AND(F8>=41000,F8<42000)),$J$65,IF((AND(F8>=42000,F8<43000)),$J$66,IF((AND(F8>=43000,F8<44000)),$J$67,IF((AND(F8>=44000,F8<45000)),$J$68,IF((AND(F8>=45000,F8<46000)),$J$69,IF((AND(F8>=46000,F8<47000)),$J$70,IF((AND(F8>=47000,F8<48000)),$J$71,IF((AND(F8>=48000,F8<49000)),$J$72,IF((AND(F8>=49000,F8<50000)),$J$73,IF((AND(F8>=50000,F8<51000)),$J$74,IF((AND(F8>=51000,F8<52000)),$J$75,IF((AND(F8>=52000,F8<53000)),$J$76,IF((AND(F8>=53000,F8<54000)),$J$77,IF((AND(F8>=54000,F8<55000)),$J$78,IF((AND(F8>=55000,F8<56000)),$J$79,IF((AND(F8>=56000,F8<57000)),$J$80,IF((AND(F8>=57000,F8<58000)),$J$81,IF((AND(F8>=58000,F8<59000)),$J$82,IF((AND(F8>=59000,F8<60000)),$J$83,IF((AND(F8>=60000,F8<61000)),$J$84,"0"))))))))))))))))))))))))))))))))))))))))))))))))))))))))) -> 300
A9: 7 | B9: =Sheet1!B27 -> DDN-1679 | C9: =Sheet1!C27 -> P4 CAWAG, IGACOS | E9: =Sheet1!E27 -> Jasmine Nicole J. Gila | F9: =IFERROR(VLOOKUP($B9,'EOD - SEPTEMBER 3, 2026'!$B$2:$G$1004,3,FALSE()),0) -> 5880 | G9: =Sheet1!G27 -> 0 | H9: =F9*0.125 -> 735 | I9: =F9-G9-H9 -> 5145 | J9: =IF((AND(F9>=100,F9<5000)),$J$28,IF((AND(F9>=5000,F9<6000)),$J$29,IF((AND(F9>=6000,F9<7000)),$J$30,IF((AND(F9>=7000,F9<8000)),$J$31,IF((AND(F9>=8000,F9<9000)),$J$32,IF((AND(F9>=9000,F9<10000)),$J$33,IF((AND(F9>=10000,F9<11000)),$J$34,IF((AND(F9>=11000,F9<12000)),$J$35,IF((AND(F9>=12000,F9<13000)),$J$36,IF((AND(F9>=13000,F9<14000)),$J$37,IF((AND(F9>=14000,F9<15000)),$J$38,IF((AND(F9>=15000,F9<16000)),$J$39,IF((AND(F9>=16000,F9<17000)),$J$40,IF((AND(F9>=17000,F9<18000)),$J$41,IF((AND(F9>=18000,F9<19000)),$J$42,IF((AND(F9>=19000,F9<20000)),$J$43,IF((AND(F9>=20000,F9<21000)),$J$44,IF((AND(F9>=21000,F9<22000)),$J$45,IF((AND(F9>=22000,F9<23000)),$J$46,IF((AND(F9>=23000,F9<24000)),$J$47,IF((AND(F9>=24000,F9<25000)),$J$48,IF((AND(F9>=25000,F9<26000)),$J$49,IF((AND(F9>=26000,F9<27000)),$J$50,IF((AND(F9>=27000,F9<28000)),$J$51,IF((AND(F9>=28000,F9<29000)),$J$52,IF((AND(F9>=29000,F9<30000)),$J$53,IF((AND(F9>=30000,F9<31000)),$J$54,IF((AND(F9>=31000,F9<32000)),$J$55,IF((AND(F9>=32000,F9<33000)),$J$56,IF((AND(F9>=33000,F9<34000)),$J$57,IF((AND(F9>=34000,F9<35000)),$J$58,IF((AND(F9>=35000,F9<36000)),$J$59,IF((AND(F9>=36000,F9<37000)),$J$60,IF((AND(F9>=37000,F9<38000)),$J$61,IF((AND(F9>=38000,F9<39000)),$J$62,IF((AND(F9>=39000,F9<40000)),$J$63,IF((AND(F9>=40000,F9<41000)),$J$64,IF((AND(F9>=41000,F9<42000)),$J$65,IF((AND(F9>=42000,F9<43000)),$J$66,IF((AND(F9>=43000,F9<44000)),$J$67,IF((AND(F9>=44000,F9<45000)),$J$68,IF((AND(F9>=45000,F9<46000)),$J$69,IF((AND(F9>=46000,F9<47000)),$J$70,IF((AND(F9>=47000,F9<48000)),$J$71,IF((AND(F9>=48000,F9<49000)),$J$72,IF((AND(F9>=49000,F9<50000)),$J$73,IF((AND(F9>=50000,F9<51000)),$J$74,IF((AND(F9>=51000,F9<52000)),$J$75,IF((AND(F9>=52000,F9<53000)),$J$76,IF((AND(F9>=53000,F9<54000)),$J$77,IF((AND(F9>=54000,F9<55000)),$J$78,IF((AND(F9>=55000,F9<56000)),$J$79,IF((AND(F9>=56000,F9<57000)),$J$80,IF((AND(F9>=57000,F9<58000)),$J$81,IF((AND(F9>=58000,F9<59000)),$J$82,IF((AND(F9>=59000,F9<60000)),$J$83,IF((AND(F9>=60000,F9<61000)),$J$84,"0"))))))))))))))))))))))))))))))))))))))))))))))))))))))))) -> 300
A10: 8 | B10: =Sheet1!B28 -> DDN-1714 | C10: =Sheet1!C28 -> PUROK 1, CAWAG | E10: =Sheet1!E28 -> Reisthlle Ann D. Dapiton | F10: =IFERROR(VLOOKUP($B10,'EOD - SEPTEMBER 3, 2026'!$B$2:$G$1004,3,FALSE()),0) -> 3765 | G10: =Sheet1!G28 -> 2400 | H10: =F10*0.125 -> 470.625 | I10: =F10-G10-H10 -> 894.375 | J10: =IF((AND(F10>=100,F10<5000)),$J$28,IF((AND(F10>=5000,F10<6000)),$J$29,IF((AND(F10>=6000,F10<7000)),$J$30,IF((AND(F10>=7000,F10<8000)),$J$31,IF((AND(F10>=8000,F10<9000)),$J$32,IF((AND(F10>=9000,F10<10000)),$J$33,IF((AND(F10>=10000,F10<11000)),$J$34,IF((AND(F10>=11000,F10<12000)),$J$35,IF((AND(F10>=12000,F10<13000)),$J$36,IF((AND(F10>=13000,F10<14000)),$J$37,IF((AND(F10>=14000,F10<15000)),$J$38,IF((AND(F10>=15000,F10<16000)),$J$39,IF((AND(F10>=16000,F10<17000)),$J$40,IF((AND(F10>=17000,F10<18000)),$J$41,IF((AND(F10>=18000,F10<19000)),$J$42,IF((AND(F10>=19000,F10<20000)),$J$43,IF((AND(F10>=20000,F10<21000)),$J$44,IF((AND(F10>=21000,F10<22000)),$J$45,IF((AND(F10>=22000,F10<23000)),$J$46,IF((AND(F10>=23000,F10<24000)),$J$47,IF((AND(F10>=24000,F10<25000)),$J$48,IF((AND(F10>=25000,F10<26000)),$J$49,IF((AND(F10>=26000,F10<27000)),$J$50,IF((AND(F10>=27000,F10<28000)),$J$51,IF((AND(F10>=28000,F10<29000)),$J$52,IF((AND(F10>=29000,F10<30000)),$J$53,IF((AND(F10>=30000,F10<31000)),$J$54,IF((AND(F10>=31000,F10<32000)),$J$55,IF((AND(F10>=32000,F10<33000)),$J$56,IF((AND(F10>=33000,F10<34000)),$J$57,IF((AND(F10>=34000,F10<35000)),$J$58,IF((AND(F10>=35000,F10<36000)),$J$59,IF((AND(F10>=36000,F10<37000)),$J$60,IF((AND(F10>=37000,F10<38000)),$J$61,IF((AND(F10>=38000,F10<39000)),$J$62,IF((AND(F10>=39000,F10<40000)),$J$63,IF((AND(F10>=40000,F10<41000)),$J$64,IF((AND(F10>=41000,F10<42000)),$J$65,IF((AND(F10>=42000,F10<43000)),$J$66,IF((AND(F10>=43000,F10<44000)),$J$67,IF((AND(F10>=44000,F10<45000)),$J$68,IF((AND(F10>=45000,F10<46000)),$J$69,IF((AND(F10>=46000,F10<47000)),$J$70,IF((AND(F10>=47000,F10<48000)),$J$71,IF((AND(F10>=48000,F10<49000)),$J$72,IF((AND(F10>=49000,F10<50000)),$J$73,IF((AND(F10>=50000,F10<51000)),$J$74,IF((AND(F10>=51000,F10<52000)),$J$75,IF((AND(F10>=52000,F10<53000)),$J$76,IF((AND(F10>=53000,F10<54000)),$J$77,IF((AND(F10>=54000,F10<55000)),$J$78,IF((AND(F10>=55000,F10<56000)),$J$79,IF((AND(F10>=56000,F10<57000)),$J$80,IF((AND(F10>=57000,F10<58000)),$J$81,IF((AND(F10>=58000,F10<59000)),$J$82,IF((AND(F10>=59000,F10<60000)),$J$83,IF((AND(F10>=60000,F10<61000)),$J$84,"0"))))))))))))))))))))))))))))))))))))))))))))))))))))))))) -> 250
A11: 9 | B11: =Sheet1!B29 -> DDN-1737 | C11: =Sheet1!C29 -> PUROK 3B PARAISO CAWAG | E11: =Sheet1!E29 -> Loraine Junatas | F11: =IFERROR(VLOOKUP($B11,'EOD - SEPTEMBER 3, 2026'!$B$2:$G$1004,3,FALSE()),0) -> 2660 | G11: =Sheet1!G29 -> 1200 | H11: =F11*0.125 -> 332.5 | I11: =F11-G11-H11 -> 1127.5 | J11: =IF((AND(F11>=100,F11<5000)),$J$28,IF((AND(F11>=5000,F11<6000)),$J$29,IF((AND(F11>=6000,F11<7000)),$J$30,IF((AND(F11>=7000,F11<8000)),$J$31,IF((AND(F11>=8000,F11<9000)),$J$32,IF((AND(F11>=9000,F11<10000)),$J$33,IF((AND(F11>=10000,F11<11000)),$J$34,IF((AND(F11>=11000,F11<12000)),$J$35,IF((AND(F11>=12000,F11<13000)),$J$36,IF((AND(F11>=13000,F11<14000)),$J$37,IF((AND(F11>=14000,F11<15000)),$J$38,IF((AND(F11>=15000,F11<16000)),$J$39,IF((AND(F11>=16000,F11<17000)),$J$40,IF((AND(F11>=17000,F11<18000)),$J$41,IF((AND(F11>=18000,F11<19000)),$J$42,IF((AND(F11>=19000,F11<20000)),$J$43,IF((AND(F11>=20000,F11<21000)),$J$44,IF((AND(F11>=21000,F11<22000)),$J$45,IF((AND(F11>=22000,F11<23000)),$J$46,IF((AND(F11>=23000,F11<24000)),$J$47,IF((AND(F11>=24000,F11<25000)),$J$48,IF((AND(F11>=25000,F11<26000)),$J$49,IF((AND(F11>=26000,F11<27000)),$J$50,IF((AND(F11>=27000,F11<28000)),$J$51,IF((AND(F11>=28000,F11<29000)),$J$52,IF((AND(F11>=29000,F11<30000)),$J$53,IF((AND(F11>=30000,F11<31000)),$J$54,IF((AND(F11>=31000,F11<32000)),$J$55,IF((AND(F11>=32000,F11<33000)),$J$56,IF((AND(F11>=33000,F11<34000)),$J$57,IF((AND(F11>=34000,F11<35000)),$J$58,IF((AND(F11>=35000,F11<36000)),$J$59,IF((AND(F11>=36000,F11<37000)),$J$60,IF((AND(F11>=37000,F11<38000)),$J$61,IF((AND(F11>=38000,F11<39000)),$J$62,IF((AND(F11>=39000,F11<40000)),$J$63,IF((AND(F11>=40000,F11<41000)),$J$64,IF((AND(F11>=41000,F11<42000)),$J$65,IF((AND(F11>=42000,F11<43000)),$J$66,IF((AND(F11>=43000,F11<44000)),$J$67,IF((AND(F11>=44000,F11<45000)),$J$68,IF((AND(F11>=45000,F11<46000)),$J$69,IF((AND(F11>=46000,F11<47000)),$J$70,IF((AND(F11>=47000,F11<48000)),$J$71,IF((AND(F11>=48000,F11<49000)),$J$72,IF((AND(F11>=49000,F11<50000)),$J$73,IF((AND(F11>=50000,F11<51000)),$J$74,IF((AND(F11>=51000,F11<52000)),$J$75,IF((AND(F11>=52000,F11<53000)),$J$76,IF((AND(F11>=53000,F11<54000)),$J$77,IF((AND(F11>=54000,F11<55000)),$J$78,IF((AND(F11>=55000,F11<56000)),$J$79,IF((AND(F11>=56000,F11<57000)),$J$80,IF((AND(F11>=57000,F11<58000)),$J$81,IF((AND(F11>=58000,F11<59000)),$J$82,IF((AND(F11>=59000,F11<60000)),$J$83,IF((AND(F11>=60000,F11<61000)),$J$84,"0"))))))))))))))))))))))))))))))))))))))))))))))))))))))))) -> 250
A12: 10 | B12: =Sheet1!B30 -> DDN-1757 | C12: =Sheet1!C30 -> Purok 6, Aumbay, Samal City | E12: =Sheet1!E30 -> Janilyn Buragay Callano | F12: =IFERROR(VLOOKUP($B12,'EOD - SEPTEMBER 3, 2026'!$B$2:$G$1004,3,FALSE()),0) -> 4050 | G12: =Sheet1!G30 -> 1600 | H12: =F12*0.125 -> 506.25 | I12: =F12-G12-H12 -> 1943.75 | J12: =IF((AND(F12>=100,F12<5000)),$J$28,IF((AND(F12>=5000,F12<6000)),$J$29,IF((AND(F12>=6000,F12<7000)),$J$30,IF((AND(F12>=7000,F12<8000)),$J$31,IF((AND(F12>=8000,F12<9000)),$J$32,IF((AND(F12>=9000,F12<10000)),$J$33,IF((AND(F12>=10000,F12<11000)),$J$34,IF((AND(F12>=11000,F12<12000)),$J$35,IF((AND(F12>=12000,F12<13000)),$J$36,IF((AND(F12>=13000,F12<14000)),$J$37,IF((AND(F12>=14000,F12<15000)),$J$38,IF((AND(F12>=15000,F12<16000)),$J$39,IF((AND(F12>=16000,F12<17000)),$J$40,IF((AND(F12>=17000,F12<18000)),$J$41,IF((AND(F12>=18000,F12<19000)),$J$42,IF((AND(F12>=19000,F12<20000)),$J$43,IF((AND(F12>=20000,F12<21000)),$J$44,IF((AND(F12>=21000,F12<22000)),$J$45,IF((AND(F12>=22000,F12<23000)),$J$46,IF((AND(F12>=23000,F12<24000)),$J$47,IF((AND(F12>=24000,F12<25000)),$J$48,IF((AND(F12>=25000,F12<26000)),$J$49,IF((AND(F12>=26000,F12<27000)),$J$50,IF((AND(F12>=27000,F12<28000)),$J$51,IF((AND(F12>=28000,F12<29000)),$J$52,IF((AND(F12>=29000,F12<30000)),$J$53,IF((AND(F12>=30000,F12<31000)),$J$54,IF((AND(F12>=31000,F12<32000)),$J$55,IF((AND(F12>=32000,F12<33000)),$J$56,IF((AND(F12>=33000,F12<34000)),$J$57,IF((AND(F12>=34000,F12<35000)),$J$58,IF((AND(F12>=35000,F12<36000)),$J$59,IF((AND(F12>=36000,F12<37000)),$J$60,IF((AND(F12>=37000,F12<38000)),$J$61,IF((AND(F12>=38000,F12<39000)),$J$62,IF((AND(F12>=39000,F12<40000)),$J$63,IF((AND(F12>=40000,F12<41000)),$J$64,IF((AND(F12>=41000,F12<42000)),$J$65,IF((AND(F12>=42000,F12<43000)),$J$66,IF((AND(F12>=43000,F12<44000)),$J$67,IF((AND(F12>=44000,F12<45000)),$J$68,IF((AND(F12>=45000,F12<46000)),$J$69,IF((AND(F12>=46000,F12<47000)),$J$70,IF((AND(F12>=47000,F12<48000)),$J$71,IF((AND(F12>=48000,F12<49000)),$J$72,IF((AND(F12>=49000,F12<50000)),$J$73,IF((AND(F12>=50000,F12<51000)),$J$74,IF((AND(F12>=51000,F12<52000)),$J$75,IF((AND(F12>=52000,F12<53000)),$J$76,IF((AND(F12>=53000,F12<54000)),$J$77,IF((AND(F12>=54000,F12<55000)),$J$78,IF((AND(F12>=55000,F12<56000)),$J$79,IF((AND(F12>=56000,F12<57000)),$J$80,IF((AND(F12>=57000,F12<58000)),$J$81,IF((AND(F12>=58000,F12<59000)),$J$82,IF((AND(F12>=59000,F12<60000)),$J$83,IF((AND(F12>=60000,F12<61000)),$J$84,"0"))))))))))))))))))))))))))))))))))))))))))))))))))))))))) -> 250
A13: 11 | B13: =Sheet1!B31 -> DDN-1758 | C13: =Sheet1!C31 -> Purok 5A Tagbay, Samal | E13: =Sheet1!E31 -> Chen A. Canillo | F13: =IFERROR(VLOOKUP($B13,'EOD - SEPTEMBER 3, 2026'!$B$2:$G$1004,3,FALSE()),0) -> 1640 | G13: =Sheet1!G31 -> 800 | H13: =F13*0.125 -> 205 | I13: =F13-G13-H13 -> 635 | J13: =IF((AND(F13>=100,F13<5000)),$J$28,IF((AND(F13>=5000,F13<6000)),$J$29,IF((AND(F13>=6000,F13<7000)),$J$30,IF((AND(F13>=7000,F13<8000)),$J$31,IF((AND(F13>=8000,F13<9000)),$J$32,IF((AND(F13>=9000,F13<10000)),$J$33,IF((AND(F13>=10000,F13<11000)),$J$34,IF((AND(F13>=11000,F13<12000)),$J$35,IF((AND(F13>=12000,F13<13000)),$J$36,IF((AND(F13>=13000,F13<14000)),$J$37,IF((AND(F13>=14000,F13<15000)),$J$38,IF((AND(F13>=15000,F13<16000)),$J$39,IF((AND(F13>=16000,F13<17000)),$J$40,IF((AND(F13>=17000,F13<18000)),$J$41,IF((AND(F13>=18000,F13<19000)),$J$42,IF((AND(F13>=19000,F13<20000)),$J$43,IF((AND(F13>=20000,F13<21000)),$J$44,IF((AND(F13>=21000,F13<22000)),$J$45,IF((AND(F13>=22000,F13<23000)),$J$46,IF((AND(F13>=23000,F13<24000)),$J$47,IF((AND(F13>=24000,F13<25000)),$J$48,IF((AND(F13>=25000,F13<26000)),$J$49,IF((AND(F13>=26000,F13<27000)),$J$50,IF((AND(F13>=27000,F13<28000)),$J$51,IF((AND(F13>=28000,F13<29000)),$J$52,IF((AND(F13>=29000,F13<30000)),$J$53,IF((AND(F13>=30000,F13<31000)),$J$54,IF((AND(F13>=31000,F13<32000)),$J$55,IF((AND(F13>=32000,F13<33000)),$J$56,IF((AND(F13>=33000,F13<34000)),$J$57,IF((AND(F13>=34000,F13<35000)),$J$58,IF((AND(F13>=35000,F13<36000)),$J$59,IF((AND(F13>=36000,F13<37000)),$J$60,IF((AND(F13>=37000,F13<38000)),$J$61,IF((AND(F13>=38000,F13<39000)),$J$62,IF((AND(F13>=39000,F13<40000)),$J$63,IF((AND(F13>=40000,F13<41000)),$J$64,IF((AND(F13>=41000,F13<42000)),$J$65,IF((AND(F13>=42000,F13<43000)),$J$66,IF((AND(F13>=43000,F13<44000)),$J$67,IF((AND(F13>=44000,F13<45000)),$J$68,IF((AND(F13>=45000,F13<46000)),$J$69,IF((AND(F13>=46000,F13<47000)),$J$70,IF((AND(F13>=47000,F13<48000)),$J$71,IF((AND(F13>=48000,F13<49000)),$J$72,IF((AND(F13>=49000,F13<50000)),$J$73,IF((AND(F13>=50000,F13<51000)),$J$74,IF((AND(F13>=51000,F13<52000)),$J$75,IF((AND(F13>=52000,F13<53000)),$J$76,IF((AND(F13>=53000,F13<54000)),$J$77,IF((AND(F13>=54000,F13<55000)),$J$78,IF((AND(F13>=55000,F13<56000)),$J$79,IF((AND(F13>=56000,F13<57000)),$J$80,IF((AND(F13>=57000,F13<58000)),$J$81,IF((AND(F13>=58000,F13<59000)),$J$82,IF((AND(F13>=59000,F13<60000)),$J$83,IF((AND(F13>=60000,F13<61000)),$J$84,"0"))))))))))))))))))))))))))))))))))))))))))))))))))))))))) -> 250
A14: 12 | B14: =Sheet1!B33 -> DDN-1756 | C14: =Sheet1!C33 -> PRK 3A PEÑAPLATA, SAMAL | E14: =Sheet1!E33 -> ANNALYN CUENCO | F14: =IFERROR(VLOOKUP($B14,'EOD - SEPTEMBER 3, 2026'!$B$2:$G$1004,3,FALSE()),0) -> 6189 | G14: =Sheet1!G33 -> 4400 | H14: =F14*0.125 -> 773.625 | I14: =F14-G14-H14 -> 1015.375 | J14: =IF((AND(F14>=100,F14<5000)),$J$28,IF((AND(F14>=5000,F14<6000)),$J$29,IF((AND(F14>=6000,F14<7000)),$J$30,IF((AND(F14>=7000,F14<8000)),$J$31,IF((AND(F14>=8000,F14<9000)),$J$32,IF((AND(F14>=9000,F14<10000)),$J$33,IF((AND(F14>=10000,F14<11000)),$J$34,IF((AND(F14>=11000,F14<12000)),$J$35,IF((AND(F14>=12000,F14<13000)),$J$36,IF((AND(F14>=13000,F14<14000)),$J$37,IF((AND(F14>=14000,F14<15000)),$J$38,IF((AND(F14>=15000,F14<16000)),$J$39,IF((AND(F14>=16000,F14<17000)),$J$40,IF((AND(F14>=17000,F14<18000)),$J$41,IF((AND(F14>=18000,F14<19000)),$J$42,IF((AND(F14>=19000,F14<20000)),$J$43,IF((AND(F14>=20000,F14<21000)),$J$44,IF((AND(F14>=21000,F14<22000)),$J$45,IF((AND(F14>=22000,F14<23000)),$J$46,IF((AND(F14>=23000,F14<24000)),$J$47,IF((AND(F14>=24000,F14<25000)),$J$48,IF((AND(F14>=25000,F14<26000)),$J$49,IF((AND(F14>=26000,F14<27000)),$J$50,IF((AND(F14>=27000,F14<28000)),$J$51,IF((AND(F14>=28000,F14<29000)),$J$52,IF((AND(F14>=29000,F14<30000)),$J$53,IF((AND(F14>=30000,F14<31000)),$J$54,IF((AND(F14>=31000,F14<32000)),$J$55,IF((AND(F14>=32000,F14<33000)),$J$56,IF((AND(F14>=33000,F14<34000)),$J$57,IF((AND(F14>=34000,F14<35000)),$J$58,IF((AND(F14>=35000,F14<36000)),$J$59,IF((AND(F14>=36000,F14<37000)),$J$60,IF((AND(F14>=37000,F14<38000)),$J$61,IF((AND(F14>=38000,F14<39000)),$J$62,IF((AND(F14>=39000,F14<40000)),$J$63,IF((AND(F14>=40000,F14<41000)),$J$64,IF((AND(F14>=41000,F14<42000)),$J$65,IF((AND(F14>=42000,F14<43000)),$J$66,IF((AND(F14>=43000,F14<44000)),$J$67,IF((AND(F14>=44000,F14<45000)),$J$68,IF((AND(F14>=45000,F14<46000)),$J$69,IF((AND(F14>=46000,F14<47000)),$J$70,IF((AND(F14>=47000,F14<48000)),$J$71,IF((AND(F14>=48000,F14<49000)),$J$72,IF((AND(F14>=49000,F14<50000)),$J$73,IF((AND(F14>=50000,F14<51000)),$J$74,IF((AND(F14>=51000,F14<52000)),$J$75,IF((AND(F14>=52000,F14<53000)),$J$76,IF((AND(F14>=53000,F14<54000)),$J$77,IF((AND(F14>=54000,F14<55000)),$J$78,IF((AND(F14>=55000,F14<56000)),$J$79,IF((AND(F14>=56000,F14<57000)),$J$80,IF((AND(F14>=57000,F14<58000)),$J$81,IF((AND(F14>=58000,F14<59000)),$J$82,IF((AND(F14>=59000,F14<60000)),$J$83,IF((AND(F14>=60000,F14<61000)),$J$84,"0"))))))))))))))))))))))))))))))))))))))))))))))))))))))))) -> 310
A15: 13 | B15: =Sheet1!B34 -> DDN-1759 | C15: =Sheet1!C34 -> PRK KALACHOCHI, TAGBAOBO | E15: =Sheet1!E34 -> Aiza Jane Batucan | F15: =IFERROR(VLOOKUP($B15,'EOD - SEPTEMBER 3, 2026'!$B$2:$G$1004,3,FALSE()),0) -> 3794 | G15: =Sheet1!G34 -> 2400 | H15: =F15*0.125 -> 474.25 | I15: =F15-G15-H15 -> 919.75 | J15: =IF((AND(F15>=100,F15<5000)),$J$28,IF((AND(F15>=5000,F15<6000)),$J$29,IF((AND(F15>=6000,F15<7000)),$J$30,IF((AND(F15>=7000,F15<8000)),$J$31,IF((AND(F15>=8000,F15<9000)),$J$32,IF((AND(F15>=9000,F15<10000)),$J$33,IF((AND(F15>=10000,F15<11000)),$J$34,IF((AND(F15>=11000,F15<12000)),$J$35,IF((AND(F15>=12000,F15<13000)),$J$36,IF((AND(F15>=13000,F15<14000)),$J$37,IF((AND(F15>=14000,F15<15000)),$J$38,IF((AND(F15>=15000,F15<16000)),$J$39,IF((AND(F15>=16000,F15<17000)),$J$40,IF((AND(F15>=17000,F15<18000)),$J$41,IF((AND(F15>=18000,F15<19000)),$J$42,IF((AND(F15>=19000,F15<20000)),$J$43,IF((AND(F15>=20000,F15<21000)),$J$44,IF((AND(F15>=21000,F15<22000)),$J$45,IF((AND(F15>=22000,F15<23000)),$J$46,IF((AND(F15>=23000,F15<24000)),$J$47,IF((AND(F15>=24000,F15<25000)),$J$48,IF((AND(F15>=25000,F15<26000)),$J$49,IF((AND(F15>=26000,F15<27000)),$J$50,IF((AND(F15>=27000,F15<28000)),$J$51,IF((AND(F15>=28000,F15<29000)),$J$52,IF((AND(F15>=29000,F15<30000)),$J$53,IF((AND(F15>=30000,F15<31000)),$J$54,IF((AND(F15>=31000,F15<32000)),$J$55,IF((AND(F15>=32000,F15<33000)),$J$56,IF((AND(F15>=33000,F15<34000)),$J$57,IF((AND(F15>=34000,F15<35000)),$J$58,IF((AND(F15>=35000,F15<36000)),$J$59,IF((AND(F15>=36000,F15<37000)),$J$60,IF((AND(F15>=37000,F15<38000)),$J$61,IF((AND(F15>=38000,F15<39000)),$J$62,IF((AND(F15>=39000,F15<40000)),$J$63,IF((AND(F15>=40000,F15<41000)),$J$64,IF((AND(F15>=41000,F15<42000)),$J$65,IF((AND(F15>=42000,F15<43000)),$J$66,IF((AND(F15>=43000,F15<44000)),$J$67,IF((AND(F15>=44000,F15<45000)),$J$68,IF((AND(F15>=45000,F15<46000)),$J$69,IF((AND(F15>=46000,F15<47000)),$J$70,IF((AND(F15>=47000,F15<48000)),$J$71,IF((AND(F15>=48000,F15<49000)),$J$72,IF((AND(F15>=49000,F15<50000)),$J$73,IF((AND(F15>=50000,F15<51000)),$J$74,IF((AND(F15>=51000,F15<52000)),$J$75,IF((AND(F15>=52000,F15<53000)),$J$76,IF((AND(F15>=53000,F15<54000)),$J$77,IF((AND(F15>=54000,F15<55000)),$J$78,IF((AND(F15>=55000,F15<56000)),$J$79,IF((AND(F15>=56000,F15<57000)),$J$80,IF((AND(F15>=57000,F15<58000)),$J$81,IF((AND(F15>=58000,F15<59000)),$J$82,IF((AND(F15>=59000,F15<60000)),$J$83,IF((AND(F15>=60000,F15<61000)),$J$84,"0"))))))))))))))))))))))))))))))))))))))))))))))))))))))))) -> 250
A16: 14 | B16: =Sheet1!B35 -> DDN-1760 | C16: =Sheet1!C35 -> PRK ROSAL LIBOT, TAGBAOBO | E16: =Sheet1!E35 -> 0 | F16: =IFERROR(VLOOKUP($B16,'EOD - SEPTEMBER 3, 2026'!$B$2:$G$1004,3,FALSE()),0) -> 0 | G16: =Sheet1!G35 -> 0 | H16: =F16*0.125 -> 0 | I16: =F16-G16-H16 -> 0 | J16: =IF((AND(F16>=100,F16<5000)),$J$28,IF((AND(F16>=5000,F16<6000)),$J$29,IF((AND(F16>=6000,F16<7000)),$J$30,IF((AND(F16>=7000,F16<8000)),$J$31,IF((AND(F16>=8000,F16<9000)),$J$32,IF((AND(F16>=9000,F16<10000)),$J$33,IF((AND(F16>=10000,F16<11000)),$J$34,IF((AND(F16>=11000,F16<12000)),$J$35,IF((AND(F16>=12000,F16<13000)),$J$36,IF((AND(F16>=13000,F16<14000)),$J$37,IF((AND(F16>=14000,F16<15000)),$J$38,IF((AND(F16>=15000,F16<16000)),$J$39,IF((AND(F16>=16000,F16<17000)),$J$40,IF((AND(F16>=17000,F16<18000)),$J$41,IF((AND(F16>=18000,F16<19000)),$J$42,IF((AND(F16>=19000,F16<20000)),$J$43,IF((AND(F16>=20000,F16<21000)),$J$44,IF((AND(F16>=21000,F16<22000)),$J$45,IF((AND(F16>=22000,F16<23000)),$J$46,IF((AND(F16>=23000,F16<24000)),$J$47,IF((AND(F16>=24000,F16<25000)),$J$48,IF((AND(F16>=25000,F16<26000)),$J$49,IF((AND(F16>=26000,F16<27000)),$J$50,IF((AND(F16>=27000,F16<28000)),$J$51,IF((AND(F16>=28000,F16<29000)),$J$52,IF((AND(F16>=29000,F16<30000)),$J$53,IF((AND(F16>=30000,F16<31000)),$J$54,IF((AND(F16>=31000,F16<32000)),$J$55,IF((AND(F16>=32000,F16<33000)),$J$56,IF((AND(F16>=33000,F16<34000)),$J$57,IF((AND(F16>=34000,F16<35000)),$J$58,IF((AND(F16>=35000,F16<36000)),$J$59,IF((AND(F16>=36000,F16<37000)),$J$60,IF((AND(F16>=37000,F16<38000)),$J$61,IF((AND(F16>=38000,F16<39000)),$J$62,IF((AND(F16>=39000,F16<40000)),$J$63,IF((AND(F16>=40000,F16<41000)),$J$64,IF((AND(F16>=41000,F16<42000)),$J$65,IF((AND(F16>=42000,F16<43000)),$J$66,IF((AND(F16>=43000,F16<44000)),$J$67,IF((AND(F16>=44000,F16<45000)),$J$68,IF((AND(F16>=45000,F16<46000)),$J$69,IF((AND(F16>=46000,F16<47000)),$J$70,IF((AND(F16>=47000,F16<48000)),$J$71,IF((AND(F16>=48000,F16<49000)),$J$72,IF((AND(F16>=49000,F16<50000)),$J$73,IF((AND(F16>=50000,F16<51000)),$J$74,IF((AND(F16>=51000,F16<52000)),$J$75,IF((AND(F16>=52000,F16<53000)),$J$76,IF((AND(F16>=53000,F16<54000)),$J$77,IF((AND(F16>=54000,F16<55000)),$J$78,IF((AND(F16>=55000,F16<56000)),$J$79,IF((AND(F16>=56000,F16<57000)),$J$80,IF((AND(F16>=57000,F16<58000)),$J$81,IF((AND(F16>=58000,F16<59000)),$J$82,IF((AND(F16>=59000,F16<60000)),$J$83,IF((AND(F16>=60000,F16<61000)),$J$84,"0"))))))))))))))))))))))))))))))))))))))))))))))))))))))))) -> 0
A17: 15 | B17: =Sheet1!B36 -> DDN-1761 | C17: =Sheet1!C36 -> PRK 7, AZUCENA, TAGBAOBO | E17: =Sheet1!E36 -> LEZEL IBANEZ | F17: =IFERROR(VLOOKUP($B17,'EOD - SEPTEMBER 3, 2026'!$B$2:$G$1004,3,FALSE()),0) -> 3075 | G17: =Sheet1!G36 -> 0 | H17: =F17*0.125 -> 384.375 | I17: =F17-G17-H17 -> 2690.625 | J17: =IF((AND(F17>=100,F17<5000)),$J$28,IF((AND(F17>=5000,F17<6000)),$J$29,IF((AND(F17>=6000,F17<7000)),$J$30,IF((AND(F17>=7000,F17<8000)),$J$31,IF((AND(F17>=8000,F17<9000)),$J$32,IF((AND(F17>=9000,F17<10000)),$J$33,IF((AND(F17>=10000,F17<11000)),$J$34,IF((AND(F17>=11000,F17<12000)),$J$35,IF((AND(F17>=12000,F17<13000)),$J$36,IF((AND(F17>=13000,F17<14000)),$J$37,IF((AND(F17>=14000,F17<15000)),$J$38,IF((AND(F17>=15000,F17<16000)),$J$39,IF((AND(F17>=16000,F17<17000)),$J$40,IF((AND(F17>=17000,F17<18000)),$J$41,IF((AND(F17>=18000,F17<19000)),$J$42,IF((AND(F17>=19000,F17<20000)),$J$43,IF((AND(F17>=20000,F17<21000)),$J$44,IF((AND(F17>=21000,F17<22000)),$J$45,IF((AND(F17>=22000,F17<23000)),$J$46,IF((AND(F17>=23000,F17<24000)),$J$47,IF((AND(F17>=24000,F17<25000)),$J$48,IF((AND(F17>=25000,F17<26000)),$J$49,IF((AND(F17>=26000,F17<27000)),$J$50,IF((AND(F17>=27000,F17<28000)),$J$51,IF((AND(F17>=28000,F17<29000)),$J$52,IF((AND(F17>=29000,F17<30000)),$J$53,IF((AND(F17>=30000,F17<31000)),$J$54,IF((AND(F17>=31000,F17<32000)),$J$55,IF((AND(F17>=32000,F17<33000)),$J$56,IF((AND(F17>=33000,F17<34000)),$J$57,IF((AND(F17>=34000,F17<35000)),$J$58,IF((AND(F17>=35000,F17<36000)),$J$59,IF((AND(F17>=36000,F17<37000)),$J$60,IF((AND(F17>=37000,F17<38000)),$J$61,IF((AND(F17>=38000,F17<39000)),$J$62,IF((AND(F17>=39000,F17<40000)),$J$63,IF((AND(F17>=40000,F17<41000)),$J$64,IF((AND(F17>=41000,F17<42000)),$J$65,IF((AND(F17>=42000,F17<43000)),$J$66,IF((AND(F17>=43000,F17<44000)),$J$67,IF((AND(F17>=44000,F17<45000)),$J$68,IF((AND(F17>=45000,F17<46000)),$J$69,IF((AND(F17>=46000,F17<47000)),$J$70,IF((AND(F17>=47000,F17<48000)),$J$71,IF((AND(F17>=48000,F17<49000)),$J$72,IF((AND(F17>=49000,F17<50000)),$J$73,IF((AND(F17>=50000,F17<51000)),$J$74,IF((AND(F17>=51000,F17<52000)),$J$75,IF((AND(F17>=52000,F17<53000)),$J$76,IF((AND(F17>=53000,F17<54000)),$J$77,IF((AND(F17>=54000,F17<55000)),$J$78,IF((AND(F17>=55000,F17<56000)),$J$79,IF((AND(F17>=56000,F17<57000)),$J$80,IF((AND(F17>=57000,F17<58000)),$J$81,IF((AND(F17>=58000,F17<59000)),$J$82,IF((AND(F17>=59000,F17<60000)),$J$83,IF((AND(F17>=60000,F17<61000)),$J$84,"0"))))))))))))))))))))))))))))))))))))))))))))))))))))))))) -> 250
A18: 16 | B18: =Sheet1!B37 -> DDN-1762 | C18: =Sheet1!C37 -> PRK CACAO, KAPUTIAN | E18: =Sheet1!E37 -> 0 | F18: =IFERROR(VLOOKUP($B18,'EOD - SEPTEMBER 3, 2026'!$B$2:$G$1004,3,FALSE()),0) -> 0 | G18: =Sheet1!G37 -> 0 | H18: =F18*0.125 -> 0 | I18: =F18-G18-H18 -> 0 | J18: =IF((AND(F18>=100,F18<5000)),$J$28,IF((AND(F18>=5000,F18<6000)),$J$29,IF((AND(F18>=6000,F18<7000)),$J$30,IF((AND(F18>=7000,F18<8000)),$J$31,IF((AND(F18>=8000,F18<9000)),$J$32,IF((AND(F18>=9000,F18<10000)),$J$33,IF((AND(F18>=10000,F18<11000)),$J$34,IF((AND(F18>=11000,F18<12000)),$J$35,IF((AND(F18>=12000,F18<13000)),$J$36,IF((AND(F18>=13000,F18<14000)),$J$37,IF((AND(F18>=14000,F18<15000)),$J$38,IF((AND(F18>=15000,F18<16000)),$J$39,IF((AND(F18>=16000,F18<17000)),$J$40,IF((AND(F18>=17000,F18<18000)),$J$41,IF((AND(F18>=18000,F18<19000)),$J$42,IF((AND(F18>=19000,F18<20000)),$J$43,IF((AND(F18>=20000,F18<21000)),$J$44,IF((AND(F18>=21000,F18<22000)),$J$45,IF((AND(F18>=22000,F18<23000)),$J$46,IF((AND(F18>=23000,F18<24000)),$J$47,IF((AND(F18>=24000,F18<25000)),$J$48,IF((AND(F18>=25000,F18<26000)),$J$49,IF((AND(F18>=26000,F18<27000)),$J$50,IF((AND(F18>=27000,F18<28000)),$J$51,IF((AND(F18>=28000,F18<29000)),$J$52,IF((AND(F18>=29000,F18<30000)),$J$53,IF((AND(F18>=30000,F18<31000)),$J$54,IF((AND(F18>=31000,F18<32000)),$J$55,IF((AND(F18>=32000,F18<33000)),$J$56,IF((AND(F18>=33000,F18<34000)),$J$57,IF((AND(F18>=34000,F18<35000)),$J$58,IF((AND(F18>=35000,F18<36000)),$J$59,IF((AND(F18>=36000,F18<37000)),$J$60,IF((AND(F18>=37000,F18<38000)),$J$61,IF((AND(F18>=38000,F18<39000)),$J$62,IF((AND(F18>=39000,F18<40000)),$J$63,IF((AND(F18>=40000,F18<41000)),$J$64,IF((AND(F18>=41000,F18<42000)),$J$65,IF((AND(F18>=42000,F18<43000)),$J$66,IF((AND(F18>=43000,F18<44000)),$J$67,IF((AND(F18>=44000,F18<45000)),$J$68,IF((AND(F18>=45000,F18<46000)),$J$69,IF((AND(F18>=46000,F18<47000)),$J$70,IF((AND(F18>=47000,F18<48000)),$J$71,IF((AND(F18>=48000,F18<49000)),$J$72,IF((AND(F18>=49000,F18<50000)),$J$73,IF((AND(F18>=50000,F18<51000)),$J$74,IF((AND(F18>=51000,F18<52000)),$J$75,IF((AND(F18>=52000,F18<53000)),$J$76,IF((AND(F18>=53000,F18<54000)),$J$77,IF((AND(F18>=54000,F18<55000)),$J$78,IF((AND(F18>=55000,F18<56000)),$J$79,IF((AND(F18>=56000,F18<57000)),$J$80,IF((AND(F18>=57000,F18<58000)),$J$81,IF((AND(F18>=58000,F18<59000)),$J$82,IF((AND(F18>=59000,F18<60000)),$J$83,IF((AND(F18>=60000,F18<61000)),$J$84,"0"))))))))))))))))))))))))))))))))))))))))))))))))))))))))) -> 0
A19: 17 | B19: =Sheet1!B38 -> DDN-1763 | C19: =Sheet1!C38 -> PRK 3B, ANUNANG | E19: =Sheet1!E38 -> Divine Lazo | F19: =IFERROR(VLOOKUP($B19,'EOD - SEPTEMBER 3, 2026'!$B$2:$G$1004,3,FALSE()),0) -> 0 | G19: =Sheet1!G38 -> 0 | H19: =F19*0.125 -> 0 | I19: =F19-G19-H19 -> 0
A20: 18 | B20: =Sheet1!B39 -> DDN-1764 | C20: =Sheet1!C39 -> PRK 16, KAPUTIAN | E20: =Sheet1!E39 -> Ikn Dzaia L. Peroso | F20: =IFERROR(VLOOKUP($B20,'EOD - SEPTEMBER 3, 2026'!$B$2:$G$1004,3,FALSE()),0) -> 5669 | G20: =Sheet1!G39 -> 0 | H20: =F20*0.125 -> 708.625 | I20: =F20-G20-H20 -> 4960.375 | J20: =IF((AND(F20>=100,F20<5000)),$J$28,IF((AND(F20>=5000,F20<6000)),$J$29,IF((AND(F20>=6000,F20<7000)),$J$30,IF((AND(F20>=7000,F20<8000)),$J$31,IF((AND(F20>=8000,F20<9000)),$J$32,IF((AND(F20>=9000,F20<10000)),$J$33,IF((AND(F20>=10000,F20<11000)),$J$34,IF((AND(F20>=11000,F20<12000)),$J$35,IF((AND(F20>=12000,F20<13000)),$J$36,IF((AND(F20>=13000,F20<14000)),$J$37,IF((AND(F20>=14000,F20<15000)),$J$38,IF((AND(F20>=15000,F20<16000)),$J$39,IF((AND(F20>=16000,F20<17000)),$J$40,IF((AND(F20>=17000,F20<18000)),$J$41,IF((AND(F20>=18000,F20<19000)),$J$42,IF((AND(F20>=19000,F20<20000)),$J$43,IF((AND(F20>=20000,F20<21000)),$J$44,IF((AND(F20>=21000,F20<22000)),$J$45,IF((AND(F20>=22000,F20<23000)),$J$46,IF((AND(F20>=23000,F20<24000)),$J$47,IF((AND(F20>=24000,F20<25000)),$J$48,IF((AND(F20>=25000,F20<26000)),$J$49,IF((AND(F20>=26000,F20<27000)),$J$50,IF((AND(F20>=27000,F20<28000)),$J$51,IF((AND(F20>=28000,F20<29000)),$J$52,IF((AND(F20>=29000,F20<30000)),$J$53,IF((AND(F20>=30000,F20<31000)),$J$54,IF((AND(F20>=31000,F20<32000)),$J$55,IF((AND(F20>=32000,F20<33000)),$J$56,IF((AND(F20>=33000,F20<34000)),$J$57,IF((AND(F20>=34000,F20<35000)),$J$58,IF((AND(F20>=35000,F20<36000)),$J$59,IF((AND(F20>=36000,F20<37000)),$J$60,IF((AND(F20>=37000,F20<38000)),$J$61,IF((AND(F20>=38000,F20<39000)),$J$62,IF((AND(F20>=39000,F20<40000)),$J$63,IF((AND(F20>=40000,F20<41000)),$J$64,IF((AND(F20>=41000,F20<42000)),$J$65,IF((AND(F20>=42000,F20<43000)),$J$66,IF((AND(F20>=43000,F20<44000)),$J$67,IF((AND(F20>=44000,F20<45000)),$J$68,IF((AND(F20>=45000,F20<46000)),$J$69,IF((AND(F20>=46000,F20<47000)),$J$70,IF((AND(F20>=47000,F20<48000)),$J$71,IF((AND(F20>=48000,F20<49000)),$J$72,IF((AND(F20>=49000,F20<50000)),$J$73,IF((AND(F20>=50000,F20<51000)),$J$74,IF((AND(F20>=51000,F20<52000)),$J$75,IF((AND(F20>=52000,F20<53000)),$J$76,IF((AND(F20>=53000,F20<54000)),$J$77,IF((AND(F20>=54000,F20<55000)),$J$78,IF((AND(F20>=55000,F20<56000)),$J$79,IF((AND(F20>=56000,F20<57000)),$J$80,IF((AND(F20>=57000,F20<58000)),$J$81,IF((AND(F20>=58000,F20<59000)),$J$82,IF((AND(F20>=59000,F20<60000)),$J$83,IF((AND(F20>=60000,F20<61000)),$J$84,"0"))))))))))))))))))))))))))))))))))))))))))))))))))))))))) -> 300
A21: 19 | B21: =Sheet1!B40 -> DDN-1765 | C21: =Sheet1!C40 -> PRk 7, TADTAD, BADERA | E21: =Sheet1!E40 -> Anne Via Feje | F21: =IFERROR(VLOOKUP($B21,'EOD - SEPTEMBER 3, 2026'!$B$2:$G$1004,3,FALSE()),0) -> 1764 | G21: =Sheet1!G40 -> 0 | H21: =F21*0.125 -> 220.5 | I21: =F21-G21-H21 -> 1543.5 | J21: =IF((AND(F21>=100,F21<5000)),$J$28,IF((AND(F21>=5000,F21<6000)),$J$29,IF((AND(F21>=6000,F21<7000)),$J$30,IF((AND(F21>=7000,F21<8000)),$J$31,IF((AND(F21>=8000,F21<9000)),$J$32,IF((AND(F21>=9000,F21<10000)),$J$33,IF((AND(F21>=10000,F21<11000)),$J$34,IF((AND(F21>=11000,F21<12000)),$J$35,IF((AND(F21>=12000,F21<13000)),$J$36,IF((AND(F21>=13000,F21<14000)),$J$37,IF((AND(F21>=14000,F21<15000)),$J$38,IF((AND(F21>=15000,F21<16000)),$J$39,IF((AND(F21>=16000,F21<17000)),$J$40,IF((AND(F21>=17000,F21<18000)),$J$41,IF((AND(F21>=18000,F21<19000)),$J$42,IF((AND(F21>=19000,F21<20000)),$J$43,IF((AND(F21>=20000,F21<21000)),$J$44,IF((AND(F21>=21000,F21<22000)),$J$45,IF((AND(F21>=22000,F21<23000)),$J$46,IF((AND(F21>=23000,F21<24000)),$J$47,IF((AND(F21>=24000,F21<25000)),$J$48,IF((AND(F21>=25000,F21<26000)),$J$49,IF((AND(F21>=26000,F21<27000)),$J$50,IF((AND(F21>=27000,F21<28000)),$J$51,IF((AND(F21>=28000,F21<29000)),$J$52,IF((AND(F21>=29000,F21<30000)),$J$53,IF((AND(F21>=30000,F21<31000)),$J$54,IF((AND(F21>=31000,F21<32000)),$J$55,IF((AND(F21>=32000,F21<33000)),$J$56,IF((AND(F21>=33000,F21<34000)),$J$57,IF((AND(F21>=34000,F21<35000)),$J$58,IF((AND(F21>=35000,F21<36000)),$J$59,IF((AND(F21>=36000,F21<37000)),$J$60,IF((AND(F21>=37000,F21<38000)),$J$61,IF((AND(F21>=38000,F21<39000)),$J$62,IF((AND(F21>=39000,F21<40000)),$J$63,IF((AND(F21>=40000,F21<41000)),$J$64,IF((AND(F21>=41000,F21<42000)),$J$65,IF((AND(F21>=42000,F21<43000)),$J$66,IF((AND(F21>=43000,F21<44000)),$J$67,IF((AND(F21>=44000,F21<45000)),$J$68,IF((AND(F21>=45000,F21<46000)),$J$69,IF((AND(F21>=46000,F21<47000)),$J$70,IF((AND(F21>=47000,F21<48000)),$J$71,IF((AND(F21>=48000,F21<49000)),$J$72,IF((AND(F21>=49000,F21<50000)),$J$73,IF((AND(F21>=50000,F21<51000)),$J$74,IF((AND(F21>=51000,F21<52000)),$J$75,IF((AND(F21>=52000,F21<53000)),$J$76,IF((AND(F21>=53000,F21<54000)),$J$77,IF((AND(F21>=54000,F21<55000)),$J$78,IF((AND(F21>=55000,F21<56000)),$J$79,IF((AND(F21>=56000,F21<57000)),$J$80,IF((AND(F21>=57000,F21<58000)),$J$81,IF((AND(F21>=58000,F21<59000)),$J$82,IF((AND(F21>=59000,F21<60000)),$J$83,IF((AND(F21>=60000,F21<61000)),$J$84,"0"))))))))))))))))))))))))))))))))))))))))))))))))))))))))) -> 250
D22: COLLECTOR | E22: CALOY | F22: =IFERROR(VLOOKUP($B22,'EOD - SEPTEMBER 3, 2026'!$B$2:$G$1004,3,FALSE()),0) -> 0 | G22: =IFERROR(VLOOKUP($B22,'EOD - SEPTEMBER 3, 2026'!$B:$G,6,FALSE()),0) -> 0 | H22: =F22*0.125 -> 0 | J22: 500
C23: TOTAL | D23: TOTAL | F23: =SUM(F3:F22) -> 68525 | G23: =SUM(G3:G22) -> 22800 | H23: =SUM(H3:H22) -> 8565.625 | I23: =SUM(I3:I22) -> 37159.375 | J23: =SUM(J3:J22) -> 4640
H24: COMMISSION | I24: =H23 -> 8565.625
H25: TOTAL GROSS | I25: =SUM(I23:I24) -> 45725
J28: 250
H29: 5000 | I29: 6000 | J29: 300
H30: =H29+1000 -> 6000 | I30: =I29+1000 -> 7000 | J30: =J29+10 -> 310
H31: =H30+1000 -> 7000 | I31: =I30+1000 -> 8000 | J31: =J30+10 -> 320
H32: =H31+1000 -> 8000 | I32: =I31+1000 -> 9000 | J32: =J31+10 -> 330
H33: =H32+1000 -> 9000 | I33: =I32+1000 -> 10000 | J33: =J32+10 -> 340
H34: =H33+1000 -> 10000 | I34: =I33+1000 -> 11000 | J34: =J33+10 -> 350
H35: =H34+1000 -> 11000 | I35: =I34+1000 -> 12000 | J35: =J34+10 -> 360
H36: =H35+1000 -> 12000 | I36: =I35+1000 -> 13000 | J36: =J35+10 -> 370
H37: =H36+1000 -> 13000 | I37: =I36+1000 -> 14000 | J37: =J36+10 -> 380
H38: =H37+1000 -> 14000 | I38: =I37+1000 -> 15000 | J38: =J37+10 -> 390
H39: =H38+1000 -> 15000 | I39: =I38+1000 -> 16000 | J39: =J38+10 -> 400
H40: =H39+1000 -> 16000 | I40: =I39+1000 -> 17000 | J40: =J39+10 -> 410
H41: =H40+1000 -> 17000 | I41: =I40+1000 -> 18000 | J41: =J40+10 -> 420
... H80: =H79+1000 -> 56000 | I80: =I79+1000 -> 57000 | J80: =J79+10 -> 810

Sheet EOD - SEPTEMBER 3, 2026
A1: Draw Date | B1: Outlet Name | C1: Teller | D1: Gross | E1: Net | F1: Less Commission | G1: Less Payments | H1: Coll/Tapada
A2: 2026-09-03 | B2: DDN-768 | C2: DDN-768 | D2: 2870 | E2: 2511.25 | F2: 358.75 | G2: 0 | H2: 2511.25
A3: 2026-09-03 | B3: DDN-1765 | C3: DDN-1765 | D3: 1764 | E3: 1543.5 | F3: 220.5 | G3: 0 | H3: 1543.5
A4: 2026-09-03 | B4: DDN-1783 | C4: DDN-1783 | D4: 2368 | E4: 2072 | F4: 296 | G4: 0 | H4: 2072
A5: 2026-09-03 | B5: DDN-1738 | C5: DDN-1738 | D5: 1794 | E5: 1569.75 | F5: 224.25 | G5: 0 | H5: 1569.75
A6: 2026-09-03 | B6: DDN-1716 | C6: DDN-1716 | D6: 1180 | E6: 1032.5 | F6: 147.5 | G6: 0 | H6: 1032.5
A7: 2026-09-03 | B7: DDN-1721 | C7: DDN-1721 | D7: 3786 | E7: 3312.75 | F7: 473.25 | G7: 800 | H7: 2512.75
A8: 2026-09-03 | B8: DDN-1296 | C8: DDN-1296 | D8: 2775 | E8: 2428.13 | F8: 346.88 | G8: 0 | H8: 2428.13
A9: 2026-09-03 | B9: DDN-422 | C9: DDN-422 | D9: 5025 | E9: 4396.88 | F9: 628.13 | G9: 800 | H9: 3596.88
A10: 2026-09-03 | B10: DDN-755 | C10: DDN-755 | D10: 7775 | E10: 6803.13 | F10: 971.88 | G10: 4800 | H10: 2003.13
A11: 2026-09-03 | B11: DDN-423 | C11: DDN-423 | D11: 3435 | E11: 3005.63 | F11: 429.38 | G11: 1200 | H11: 1805.63
A12: 2026-09-03 | B12: DDN-400 | C12: DDN-400 | D12: 5890 | E12: 5153.75 | F12: 736.25 | G12: 800 | H12: 4353.75
A13: 2026-09-03 | B13: DDN-1801 | C13: DDN-1801 | D13: 1115 | E13: 975.63 | F13: 139.38 | G13: 0 | H13: 975.63
... A117: 2026-09-03 | B117: DDN-1476 | C117: DDN-1476 | D117: 7053 | E117: 6171.38 | F117: 881.63 | G117: 2000 | H117: 4171.38

Sheet Low Sales
A1: LOW SALES REPORT — EOD | C1: =Sheet1!E1 -> 46268
A2: Low Sales Threshold (₱): | B2: 3000 | C2: ← Edit B2 to change threshold
A3: Auto-detects outlets below threshold. Add rows to the EOD sheet and this list updates automatically.
A4: Outlet Name | B4: Gross | C4: Status
A5: {=IFERROR(INDEX('EOD - SEPTEMBER 3, 2026'!$B$2:$B$10010,SMALL(IF('EOD - SEPTEMBER 3, 2026'!$D$2:$D$10010<$B$2,ROW('EOD - SEPTEMBER 3, 2026'!$D$2:$D$10010)-ROW('EOD - SEPTEMBER 3, 2026'!$D$2)+1),1)),"")} -> DDN-768 | B5: {=IFERROR(INDEX('EOD - SEPTEMBER 3, 2026'!$D$2:$D$10010,SMALL(IF('EOD - SEPTEMBER 3, 2026'!$D$2:$D$10010<$B$2,ROW('EOD - SEPTEMBER 3, 2026'!$D$2:$D$10010)-ROW('EOD - SEPTEMBER 3, 2026'!$D$2)+1),1)),"")} -> 2870 | C5: =IF(B5="","",IF(B5<1000,"🔴 Critical",IF(B5<2000,"🟠 Very Low","🟡 Low"))) -> 🟡 Low
A6: {=IFERROR(INDEX('EOD - SEPTEMBER 3, 2026'!$B$2:$B$10010,SMALL(IF('EOD - SEPTEMBER 3, 2026'!$D$2:$D$10010<$B$2,ROW('EOD - SEPTEMBER 3, 2026'!$D$2:$D$10010)-ROW('EOD - SEPTEMBER 3, 2026'!$D$2)+1),2)),"")} -> DDN-1765 | B6: {=IFERROR(INDEX('EOD - SEPTEMBER 3, 2026'!$D$2:$D$10010,SMALL(IF('EOD - SEPTEMBER 3, 2026'!$D$2:$D$10010<$B$2,ROW('EOD - SEPTEMBER 3, 2026'!$D$2:$D$10010)-ROW('EOD - SEPTEMBER 3, 2026'!$D$2)+1),2)),"")} -> 1764 | C6: =IF(B6="","",IF(B6<1000,"🔴 Critical",IF(B6<2000,"🟠 Very Low","🟡 Low"))) -> 🟠 Very Low
A7: {=IFERROR(INDEX('EOD - SEPTEMBER 3, 2026'!$B$2:$B$10010,SMALL(IF('EOD - SEPTEMBER 3, 2026'!$D$2:$D$10010<$B$2,ROW('EOD - SEPTEMBER 3, 2026'!$D$2:$D$10010)-ROW('EOD - SEPTEMBER 3, 2026'!$D$2)+1),3)),"")} -> DDN-1783 | B7: {=IFERROR(INDEX('EOD - SEPTEMBER 3, 2026'!$D$2:$D$10010,SMALL(IF('EOD - SEPTEMBER 3, 2026'!$D$2:$D$10010<$B$2,ROW('EOD - SEPTEMBER 3, 2026'!$D$2:$D$10010)-ROW('EOD - SEPTEMBER 3, 2026'!$D$2)+1),3)),"")} -> 2368 | C7: =IF(B7="","",IF(B7<1000,"🔴 Critical",IF(B7<2000,"🟠 Very Low","🟡 Low"))) -> 🟡 Low
A8: {=IFERROR(INDEX('EOD - SEPTEMBER 3, 2026'!$B$2:$B$10010,SMALL(IF('EOD - SEPTEMBER 3, 2026'!$D$2:$D$10010<$B$2,ROW('EOD - SEPTEMBER 3, 2026'!$D$2:$D$10010)-ROW('EOD - SEPTEMBER 3, 2026'!$D$2)+1),4)),"")} -> DDN-1738 | B8: {=IFERROR(INDEX('EOD - SEPTEMBER 3, 2026'!$D$2:$D$10010,SMALL(IF('EOD - SEPTEMBER 3, 2026'!$D$2:$D$10010<$B$2,ROW('EOD - SEPTEMBER 3, 2026'!$D$2:$D$10010)-ROW('EOD - SEPTEMBER 3, 2026'!$D$2)+1),4)),"")} -> 1794 | C8: =IF(B8="","",IF(B8<1000,"🔴 Critical",IF(B8<2000,"🟠 Very Low","🟡 Low"))) -> 🟠 Very Low
A9: {=IFERROR(INDEX('EOD - SEPTEMBER 3, 2026'!$B$2:$B$10010,SMALL(IF('EOD - SEPTEMBER 3, 2026'!$D$2:$D$10010<$B$2,ROW('EOD - SEPTEMBER 3, 2026'!$D$2:$D$10010)-ROW('EOD - SEPTEMBER 3, 2026'!$D$2)+1),5)),"")} -> DDN-1716 | B9: {=IFERROR(INDEX('EOD - SEPTEMBER 3, 2026'!$D$2:$D$10010,SMALL(IF('EOD - SEPTEMBER 3, 2026'!$D$2:$D$10010<$B$2,ROW('EOD - SEPTEMBER 3, 2026'!$D$2:$D$10010)-ROW('EOD - SEPTEMBER 3, 2026'!$D$2)+1),5)),"")} -> 1180 | C9: =IF(B9="","",IF(B9<1000,"🔴 Critical",IF(B9<2000,"🟠 Very Low","🟡 Low"))) -> 🟠 Very Low
A10: {=IFERROR(INDEX('EOD - SEPTEMBER 3, 2026'!$B$2:$B$10010,SMALL(IF('EOD - SEPTEMBER 3, 2026'!$D$2:$D$10010<$B$2,ROW('EOD - SEPTEMBER 3, 2026'!$D$2:$D$10010)-ROW('EOD - SEPTEMBER 3, 2026'!$D$2)+1),6)),"")} -> DDN-1296 | B10: {=IFERROR(INDEX('EOD - SEPTEMBER 3, 2026'!$D$2:$D$10010,SMALL(IF('EOD - SEPTEMBER 3, 2026'!$D$2:$D$10010<$B$2,ROW('EOD - SEPTEMBER 3, 2026'!$D$2:$D$10010)-ROW('EOD - SEPTEMBER 3, 2026'!$D$2)+1),6)),"")} -> 2775 | C10: =IF(B10="","",IF(B10<1000,"🔴 Critical",IF(B10<2000,"🟠 Very Low","🟡 Low"))) -> 🟡 Low
A11: {=IFERROR(INDEX('EOD - SEPTEMBER 3, 2026'!$B$2:$B$10010,SMALL(IF('EOD - SEPTEMBER 3, 2026'!$D$2:$D$10010<$B$2,ROW('EOD - SEPTEMBER 3, 2026'!$D$2:$D$10010)-ROW('EOD - SEPTEMBER 3, 2026'!$D$2)+1),7)),"")} -> DDN-1801 | B11: {=IFERROR(INDEX('EOD - SEPTEMBER 3, 2026'!$D$2:$D$10010,SMALL(IF('EOD - SEPTEMBER 3, 2026'!$D$2:$D$10010<$B$2,ROW('EOD - SEPTEMBER 3, 2026'!$D$2:$D$10010)-ROW('EOD - SEPTEMBER 3, 2026'!$D$2)+1),7)),"")} -> 1115 | C11: =IF(B11="","",IF(B11<1000,"🔴 Critical",IF(B11<2000,"🟠 Very Low","🟡 Low"))) -> 🟠 Very Low
A12: {=IFERROR(INDEX('EOD - SEPTEMBER 3, 2026'!$B$2:$B$10010,SMALL(IF('EOD - SEPTEMBER 3, 2026'!$D$2:$D$10010<$B$2,ROW('EOD - SEPTEMBER 3, 2026'!$D$2:$D$10010)-ROW('EOD - SEPTEMBER 3, 2026'!$D$2)+1),8)),"")} -> DDN-1743 | B12: {=IFERROR(INDEX('EOD - SEPTEMBER 3, 2026'!$D$2:$D$10010,SMALL(IF('EOD - SEPTEMBER 3, 2026'!$D$2:$D$10010<$B$2,ROW('EOD - SEPTEMBER 3, 2026'!$D$2:$D$10010)-ROW('EOD - SEPTEMBER 3, 2026'!$D$2)+1),8)),"")} -> 1428 | C12: =IF(B12="","",IF(B12<1000,"🔴 Critical",IF(B12<2000,"🟠 Very Low","🟡 Low"))) -> 🟠 Very Low
A13: {=IFERROR(INDEX('EOD - SEPTEMBER 3, 2026'!$B$2:$B$10010,SMALL(IF('EOD - SEPTEMBER 3, 2026'!$D$2:$D$10010<$B$2,ROW('EOD - SEPTEMBER 3, 2026'!$D$2:$D$10010)-ROW('EOD - SEPTEMBER 3, 2026'!$D$2)+1),9)),"")} -> DDN-1737 | B13: {=IFERROR(INDEX('EOD - SEPTEMBER 3, 2026'!$D$2:$D$10010,SMALL(IF('EOD - SEPTEMBER 3, 2026'!$D$2:$D$10010<$B$2,ROW('EOD - SEPTEMBER 3, 2026'!$D$2:$D$10010)-ROW('EOD - SEPTEMBER 3, 2026'!$D$2)+1),9)),"")} -> 2660 | C13: =IF(B13="","",IF(B13<1000,"🔴 Critical",IF(B13<2000,"🟠 Very Low","🟡 Low"))) -> 🟡 Low
A14: {=IFERROR(INDEX('EOD - SEPTEMBER 3, 2026'!$B$2:$B$10010,SMALL(IF('EOD - SEPTEMBER 3, 2026'!$D$2:$D$10010<$B$2,ROW('EOD - SEPTEMBER 3, 2026'!$D$2:$D$10010)-ROW('EOD - SEPTEMBER 3, 2026'!$D$2)+1),10)),"")} -> DDN-765 | B14: {=IFERROR(INDEX('EOD - SEPTEMBER 3, 2026'!$D$2:$D$10010,SMALL(IF('EOD - SEPTEMBER 3, 2026'!$D$2:$D$10010<$B$2,ROW('EOD - SEPTEMBER 3, 2026'!$D$2:$D$10010)-ROW('EOD - SEPTEMBER 3, 2026'!$D$2)+1),10)),"")} -> 2771 | C14: =IF(B14="","",IF(B14<1000,"🔴 Critical",IF(B14<2000,"🟠 Very Low","🟡 Low"))) -> 🟡 Low
A15: {=IFERROR(INDEX('EOD - SEPTEMBER 3, 2026'!$B$2:$B$10010,SMALL(IF('EOD - SEPTEMBER 3, 2026'!$D$2:$D$10010<$B$2,ROW('EOD - SEPTEMBER 3, 2026'!$D$2:$D$10010)-ROW('EOD - SEPTEMBER 3, 2026'!$D$2)+1),11)),"")} -> DDN-1799 | B15: {=IFERROR(INDEX('EOD - SEPTEMBER 3, 2026'!$D$2:$D$10010,SMALL(IF('EOD - SEPTEMBER 3, 2026'!$D$2:$D$10010<$B$2,ROW('EOD - SEPTEMBER 3, 2026'!$D$2:$D$10010)-ROW('EOD - SEPTEMBER 3, 2026'!$D$2)+1),11)),"")} -> 2207 | C15: =IF(B15="","",IF(B15<1000,"🔴 Critical",IF(B15<2000,"🟠 Very Low","🟡 Low"))) -> 🟡 Low
A16: {=IFERROR(INDEX('EOD - SEPTEMBER 3, 2026'!$B$2:$B$10010,SMALL(IF('EOD - SEPTEMBER 3, 2026'!$D$2:$D$10010<$B$2,ROW('EOD - SEPTEMBER 3, 2026'!$D$2:$D$10010)-ROW('EOD - SEPTEMBER 3, 2026'!$D$2)+1),12)),"")} -> DDN-1802 | B16: {=IFERROR(INDEX('EOD - SEPTEMBER 3, 2026'!$D$2:$D$10010,SMALL(IF('EOD - SEPTEMBER 3, 2026'!$D$2:$D$10010<$B$2,ROW('EOD - SEPTEMBER 3, 2026'!$D$2:$D$10010)-ROW('EOD - SEPTEMBER 3, 2026'!$D$2)+1),12)),"")} -> 1475 | C16: =IF(B16="","",IF(B16<1000,"🔴 Critical",IF(B16<2000,"🟠 Very Low","🟡 Low"))) -> 🟠 Very Low
A17: {=IFERROR(INDEX('EOD - SEPTEMBER 3, 2026'!$B$2:$B$10010,SMALL(IF('EOD - SEPTEMBER 3, 2026'!$D$2:$D$10010<$B$2,ROW('EOD - SEPTEMBER 3, 2026'!$D$2:$D$10010)-ROW('EOD - SEPTEMBER 3, 2026'!$D$2)+1),13)),"")} -> DDN-1741 | B17: {=IFERROR(INDEX('EOD - SEPTEMBER 3, 2026'!$D$2:$D$10010,SMALL(IF('EOD - SEPTEMBER 3, 2026'!$D$2:$D$10010<$B$2,ROW('EOD - SEPTEMBER 3, 2026'!$D$2:$D$10010)-ROW('EOD - SEPTEMBER 3, 2026'!$D$2)+1),13)),"")} -> 1470 | C17: =IF(B17="","",IF(B17<1000,"🔴 Critical",IF(B17<2000,"🟠 Very Low","🟡 Low"))) -> 🟠 Very Low
A18: {=IFERROR(INDEX('EOD - SEPTEMBER 3, 2026'!$B$2:$B$10010,SMALL(IF('EOD - SEPTEMBER 3, 2026'!$D$2:$D$10010<$B$2,ROW('EOD - SEPTEMBER 3, 2026'!$D$2:$D$10010)-ROW('EOD - SEPTEMBER 3, 2026'!$D$2)+1),14)),"")} -> DDN-1590 | B18: {=IFERROR(INDEX('EOD - SEPTEMBER 3, 2026'!$D$2:$D$10010,SMALL(IF('EOD - SEPTEMBER 3, 2026'!$D$2:$D$10010<$B$2,ROW('EOD - SEPTEMBER 3, 2026'!$D$2:$D$10010)-ROW('EOD - SEPTEMBER 3, 2026'!$D$2)+1),14)),"")} -> 2865 | C18: =IF(B18="","",IF(B18<1000,"🔴 Critical",IF(B18<2000,"🟠 Very Low","🟡 Low"))) -> 🟡 Low
A19: {=IFERROR(INDEX('EOD - SEPTEMBER 3, 2026'!$B$2:$B$10010,SMALL(IF('EOD - SEPTEMBER 3, 2026'!$D$2:$D$10010<$B$2,ROW('EOD - SEPTEMBER 3, 2026'!$D$2:$D$10010)-ROW('EOD - SEPTEMBER 3, 2026'!$D$2)+1),15)),"")} -> DDN-1588 | B19: {=IFERROR(INDEX('EOD - SEPTEMBER 3, 2026'!$D$2:$D$10010,SMALL(IF('EOD - SEPTEMBER 3, 2026'!$D$2:$D$10010<$B$2,ROW('EOD - SEPTEMBER 3, 2026'!$D$2:$D$10010)-ROW('EOD - SEPTEMBER 3, 2026'!$D$2)+1),15)),"")} -> 2560 | C19: =IF(B19="","",IF(B19<1000,"🔴 Critical",IF(B19<2000,"🟠 Very Low","🟡 Low"))) -> 🟡 Low
A20: {=IFERROR(INDEX('EOD - SEPTEMBER 3, 2026'!$B$2:$B$10010,SMALL(IF('EOD - SEPTEMBER 3, 2026'!$D$2:$D$10010<$B$2,ROW('EOD - SEPTEMBER 3, 2026'!$D$2:$D$10010)-ROW('EOD - SEPTEMBER 3, 2026'!$D$2)+1),16)),"")} -> DDN-1806 | B20: {=IFERROR(INDEX('EOD - SEPTEMBER 3, 2026'!$D$2:$D$10010,SMALL(IF('EOD - SEPTEMBER 3, 2026'!$D$2:$D$10010<$B$2,ROW('EOD - SEPTEMBER 3, 2026'!$D$2:$D$10010)-ROW('EOD - SEPTEMBER 3, 2026'!$D$2)+1),16)),"")} -> 2050 | C20: =IF(B20="","",IF(B20<1000,"🔴 Critical",IF(B20<2000,"🟠 Very Low","🟡 Low"))) -> 🟡 Low
A21: {=IFERROR(INDEX('EOD - SEPTEMBER 3, 2026'!$B$2:$B$10010,SMALL(IF('EOD - SEPTEMBER 3, 2026'!$D$2:$D$10010<$B$2,ROW('EOD - SEPTEMBER 3, 2026'!$D$2:$D$10010)-ROW('EOD - SEPTEMBER 3, 2026'!$D$2)+1),17)),"")} -> DDN-1715 | B21: {=IFERROR(INDEX('EOD - SEPTEMBER 3, 2026'!$D$2:$D$10010,SMALL(IF('EOD - SEPTEMBER 3, 2026'!$D$2:$D$10010<$B$2,ROW('EOD - SEPTEMBER 3, 2026'!$D$2:$D$10010)-ROW('EOD - SEPTEMBER 3, 2026'!$D$2)+1),17)),"")} -> 2646 | C21: =IF(B21="","",IF(B21<1000,"🔴 Critical",IF(B21<2000,"🟠 Very Low","🟡 Low"))) -> 🟡 Low
A22: {=IFERROR(INDEX('EOD - SEPTEMBER 3, 2026'!$B$2:$B$10010,SMALL(IF('EOD - SEPTEMBER 3, 2026'!$D$2:$D$10010<$B$2,ROW('EOD - SEPTEMBER 3, 2026'!$D$2:$D$10010)-ROW('EOD - SEPTEMBER 3, 2026'!$D$2)+1),18)),"")} -> DDN-1285 | B22: {=IFERROR(INDEX('EOD - SEPTEMBER 3, 2026'!$D$2:$D$10010,SMALL(IF('EOD - SEPTEMBER 3, 2026'!$D$2:$D$10010<$B$2,ROW('EOD - SEPTEMBER 3, 2026'!$D$2:$D$10010)-ROW('EOD - SEPTEMBER 3, 2026'!$D$2)+1),18)),"")} -> 1675 | C22: =IF(B22="","",IF(B22<1000,"🔴 Critical",IF(B22<2000,"🟠 Very Low","🟡 Low"))) -> 🟠 Very Low
A23: {=IFERROR(INDEX('EOD - SEPTEMBER 3, 2026'!$B$2:$B$10010,SMALL(IF('EOD - SEPTEMBER 3, 2026'!$D$2:$D$10010<$B$2,ROW('EOD - SEPTEMBER 3, 2026'!$D$2:$D$10010)-ROW('EOD - SEPTEMBER 3, 2026'!$D$2)+1),19)),"")} -> DDN-1717 | B23: {=IFERROR(INDEX('EOD - SEPTEMBER 3, 2026'!$D$2:$D$10010,SMALL(IF('EOD - SEPTEMBER 3, 2026'!$D$2:$D$10010<$B$2,ROW('EOD - SEPTEMBER 3, 2026'!$D$2:$D$10010)-ROW('EOD - SEPTEMBER 3, 2026'!$D$2)+1),19)),"")} -> 1590 | C23: =IF(B23="","",IF(B23<1000,"🔴 Critical",IF(B23<2000,"🟠 Very Low","🟡 Low"))) -> 🟠 Very Low
A24: {=IFERROR(INDEX('EOD - SEPTEMBER 3, 2026'!$B$2:$B$10010,SMALL(IF('EOD - SEPTEMBER 3, 2026'!$D$2:$D$10010<$B$2,ROW('EOD - SEPTEMBER 3, 2026'!$D$2:$D$10010)-ROW('EOD - SEPTEMBER 3, 2026'!$D$2)+1),20)),"")} -> DDN-762 | B24: {=IFERROR(INDEX('EOD - SEPTEMBER 3, 2026'!$D$2:$D$10010,SMALL(IF('EOD - SEPTEMBER 3, 2026'!$D$2:$D$10010<$B$2,ROW('EOD - SEPTEMBER 3, 2026'!$D$2:$D$10010)-ROW('EOD - SEPTEMBER 3, 2026'!$D$2)+1),20)),"")} -> 2530 | C24: =IF(B24="","",IF(B24<1000,"🔴 Critical",IF(B24<2000,"🟠 Very Low","🟡 Low"))) -> 🟡 Low
A25: {=IFERROR(INDEX('EOD - SEPTEMBER 3, 2026'!$B$2:$B$10010,SMALL(IF('EOD - SEPTEMBER 3, 2026'!$D$2:$D$10010<$B$2,ROW('EOD - SEPTEMBER 3, 2026'!$D$2:$D$10010)-ROW('EOD - SEPTEMBER 3, 2026'!$D$2)+1),21)),"")} -> DDN-1306 | B25: {=IFERROR(INDEX('EOD - SEPTEMBER 3, 2026'!$D$2:$D$10010,SMALL(IF('EOD - SEPTEMBER 3, 2026'!$D$2:$D$10010<$B$2,ROW('EOD - SEPTEMBER 3, 2026'!$D$2:$D$10010)-ROW('EOD - SEPTEMBER 3, 2026'!$D$2)+1),21)),"")} -> 2795 | C25: =IF(B25="","",IF(B25<1000,"🔴 Critical",IF(B25<2000,"🟠 Very Low","🟡 Low"))) -> 🟡 Low
A26: {=IFERROR(INDEX('EOD - SEPTEMBER 3, 2026'!$B$2:$B$10010,SMALL(IF('EOD - SEPTEMBER 3, 2026'!$D$2:$D$10010<$B$2,ROW('EOD - SEPTEMBER 3, 2026'!$D$2:$D$10010)-ROW('EOD - SEPTEMBER 3, 2026'!$D$2)+1),22)),"")} -> DDN-1474 | B26: {=IFERROR(INDEX('EOD - SEPTEMBER 3, 2026'!$D$2:$D$10010,SMALL(IF('EOD - SEPTEMBER 3, 2026'!$D$2:$D$10010<$B$2,ROW('EOD - SEPTEMBER 3, 2026'!$D$2:$D$10010)-ROW('EOD - SEPTEMBER 3, 2026'!$D$2)+1),22)),"")} -> 2155 | C26: =IF(B26="","",IF(B26<1000,"🔴 Critical",IF(B26<2000,"🟠 Very Low","🟡 Low"))) -> 🟡 Low
A27: {=IFERROR(INDEX('EOD - SEPTEMBER 3, 2026'!$B$2:$B$10010,SMALL(IF('EOD - SEPTEMBER 3, 2026'!$D$2:$D$10010<$B$2,ROW('EOD - SEPTEMBER 3, 2026'!$D$2:$D$10010)-ROW('EOD - SEPTEMBER 3, 2026'!$D$2)+1),23)),"")} -> DDN-1742 | B27: {=IFERROR(INDEX('EOD - SEPTEMBER 3, 2026'!$D$2:$D$10010,SMALL(IF('EOD - SEPTEMBER 3, 2026'!$D$2:$D$10010<$B$2,ROW('EOD - SEPTEMBER 3, 2026'!$D$2:$D$10010)-ROW('EOD - SEPTEMBER 3, 2026'!$D$2)+1),23)),"")} -> 2551 | C27: =IF(B27="","",IF(B27<1000,"🔴 Critical",IF(B27<2000,"🟠 Very Low","🟡 Low"))) -> 🟡 Low
A28: {=IFERROR(INDEX('EOD - SEPTEMBER 3, 2026'!$B$2:$B$10010,SMALL(IF('EOD - SEPTEMBER 3, 2026'!$D$2:$D$10010<$B$2,ROW('EOD - SEPTEMBER 3, 2026'!$D$2:$D$10010)-ROW('EOD - SEPTEMBER 3, 2026'!$D$2)+1),24)),"")} -> DDN-1781 | B28: {=IFERROR(INDEX('EOD - SEPTEMBER 3, 2026'!$D$2:$D$10010,SMALL(IF('EOD - SEPTEMBER 3, 2026'!$D$2:$D$10010<$B$2,ROW('EOD - SEPTEMBER 3, 2026'!$D$2:$D$10010)-ROW('EOD - SEPTEMBER 3, 2026'!$D$2)+1),24)),"")} -> 1253 | C28: =IF(B28="","",IF(B28<1000,"🔴 Critical",IF(B28<2000,"🟠 Very Low","🟡 Low"))) -> 🟠 Very Low
A29: {=IFERROR(INDEX('EOD - SEPTEMBER 3, 2026'!$B$2:$B$10010,SMALL(IF('EOD - SEPTEMBER 3, 2026'!$D$2:$D$10010<$B$2,ROW('EOD - SEPTEMBER 3, 2026'!$D$2:$D$10010)-ROW('EOD - SEPTEMBER 3, 2026'!$D$2)+1),25)),"")} -> DDN-1751 | B29: {=IFERROR(INDEX('EOD - SEPTEMBER 3, 2026'!$D$2:$D$10010,SMALL(IF('EOD - SEPTEMBER 3, 2026'!$D$2:$D$10010<$B$2,ROW('EOD - SEPTEMBER 3, 2026'!$D$2:$D$10010)-ROW('EOD - SEPTEMBER 3, 2026'!$D$2)+1),25)),"")} -> 2450 | C29: =IF(B29="","",IF(B29<1000,"🔴 Critical",IF(B29<2000,"🟠 Very Low","🟡 Low"))) -> 🟡 Low
A30: {=IFERROR(INDEX('EOD - SEPTEMBER 3, 2026'!$B$2:$B$10010,SMALL(IF('EOD - SEPTEMBER 3, 2026'!$D$2:$D$10010<$B$2,ROW('EOD - SEPTEMBER 3, 2026'!$D$2:$D$10010)-ROW('EOD - SEPTEMBER 3, 2026'!$D$2)+1),26)),"")} -> DDN-1629 | B30: {=IFERROR(INDEX('EOD - SEPTEMBER 3, 2026'!$D$2:$D$10010,SMALL(IF('EOD - SEPTEMBER 3, 2026'!$D$2:$D$10010<$B$2,ROW('EOD - SEPTEMBER 3, 2026'!$D$2:$D$10010)-ROW('EOD - SEPTEMBER 3, 2026'!$D$2)+1),26)),"")} -> 2954 | C30: =IF(B30="","",IF(B30<1000,"🔴 Critical",IF(B30<2000,"🟠 Very Low","🟡 Low"))) -> 🟡 Low
A31: {=IFERROR(INDEX('EOD - SEPTEMBER 3, 2026'!$B$2:$B$10010,SMALL(IF('EOD - SEPTEMBER 3, 2026'!$D$2:$D$10010<$B$2,ROW('EOD - SEPTEMBER 3, 2026'!$D$2:$D$10010)-ROW('EOD - SEPTEMBER 3, 2026'!$D$2)+1),27)),"")} -> DDN-1824 | B31: {=IFERROR(INDEX('EOD - SEPTEMBER 3, 2026'!$D$2:$D$10010,SMALL(IF('EOD - SEPTEMBER 3, 2026'!$D$2:$D$10010<$B$2,ROW('EOD - SEPTEMBER 3, 2026'!$D$2:$D$10010)-ROW('EOD - SEPTEMBER 3, 2026'!$D$2)+1),27)),"")} -> 1955 | C31: =IF(B31="","",IF(B31<1000,"🔴 Critical",IF(B31<2000,"🟠 Very Low","🟡 Low"))) -> 🟠 Very Low
A32: {=IFERROR(INDEX('EOD - SEPTEMBER 3, 2026'!$B$2:$B$10010,SMALL(IF('EOD - SEPTEMBER 3, 2026'!$D$2:$D$10010<$B$2,ROW('EOD - SEPTEMBER 3, 2026'!$D$2:$D$10010)-ROW('EOD - SEPTEMBER 3, 2026'!$D$2)+1),28)),"")} -> DDN-1740 | B32: {=IFERROR(INDEX('EOD - SEPTEMBER 3, 2026'!$D$2:$D$10010,SMALL(IF('EOD - SEPTEMBER 3, 2026'!$D$2:$D$10010<$B$2,ROW('EOD - SEPTEMBER 3, 2026'!$D$2:$D$10010)-ROW('EOD - SEPTEMBER 3, 2026'!$D$2)+1),28)),"")} -> 1166 | C32: =IF(B32="","",IF(B32<1000,"🔴 Critical",IF(B32<2000,"🟠 Very Low","🟡 Low"))) -> 🟠 Very Low
A33: {=IFERROR(INDEX('EOD - SEPTEMBER 3, 2026'!$B$2:$B$10010,SMALL(IF('EOD - SEPTEMBER 3, 2026'!$D$2:$D$10010<$B$2,ROW('EOD - SEPTEMBER 3, 2026'!$D$2:$D$10010)-ROW('EOD - SEPTEMBER 3, 2026'!$D$2)+1),29)),"")} -> DDN-1823 | B33: {=IFERROR(INDEX('EOD - SEPTEMBER 3, 2026'!$D$2:$D$10010,SMALL(IF('EOD - SEPTEMBER 3, 2026'!$D$2:$D$10010<$B$2,ROW('EOD - SEPTEMBER 3, 2026'!$D$2:$D$10010)-ROW('EOD - SEPTEMBER 3, 2026'!$D$2)+1),29)),"")} -> 1674 | C33: =IF(B33="","",IF(B33<1000,"🔴 Critical",IF(B33<2000,"🟠 Very Low","🟡 Low"))) -> 🟠 Very Low
A34: {=IFERROR(INDEX('EOD - SEPTEMBER 3, 2026'!$B$2:$B$10010,SMALL(IF('EOD - SEPTEMBER 3, 2026'!$D$2:$D$10010<$B$2,ROW('EOD - SEPTEMBER 3, 2026'!$D$2:$D$10010)-ROW('EOD - SEPTEMBER 3, 2026'!$D$2)+1),30)),"")} -> DDN-1631 | B34: {=IFERROR(INDEX('EOD - SEPTEMBER 3, 2026'!$D$2:$D$10010,SMALL(IF('EOD - SEPTEMBER 3, 2026'!$D$2:$D$10010<$B$2,ROW('EOD - SEPTEMBER 3, 2026'!$D$2:$D$10010)-ROW('EOD - SEPTEMBER 3, 2026'!$D$2)+1),30)),"")} -> 2640 | C34: =IF(B34="","",IF(B34<1000,"🔴 Critical",IF(B34<2000,"🟠 Very Low","🟡 Low"))) -> 🟡 Low
A35: {=IFERROR(INDEX('EOD - SEPTEMBER 3, 2026'!$B$2:$B$10010,SMALL(IF('EOD - SEPTEMBER 3, 2026'!$D$2:$D$10010<$B$2,ROW('EOD - SEPTEMBER 3, 2026'!$D$2:$D$10010)-ROW('EOD - SEPTEMBER 3, 2026'!$D$2)+1),31)),"")} -> DDN-1778 | B35: {=IFERROR(INDEX('EOD - SEPTEMBER 3, 2026'!$D$2:$D$10010,SMALL(IF('EOD - SEPTEMBER 3, 2026'!$D$2:$D$10010<$B$2,ROW('EOD - SEPTEMBER 3, 2026'!$D$2:$D$10010)-ROW('EOD - SEPTEMBER 3, 2026'!$D$2)+1),31)),"")} -> 1995 | C35: =IF(B35="","",IF(B35<1000,"🔴 Critical",IF(B35<2000,"🟠 Very Low","🟡 Low"))) -> 🟠 Very Low
A36: {=IFERROR(INDEX('EOD - SEPTEMBER 3, 2026'!$B$2:$B$10010,SMALL(IF('EOD - SEPTEMBER 3, 2026'!$D$2:$D$10010<$B$2,ROW('EOD - SEPTEMBER 3, 2026'!$D$2:$D$10010)-ROW('EOD - SEPTEMBER 3, 2026'!$D$2)+1),32)),"")} -> DDN-1782 | B36: {=IFERROR(INDEX('EOD - SEPTEMBER 3, 2026'!$D$2:$D$10010,SMALL(IF('EOD - SEPTEMBER 3, 2026'!$D$2:$D$10010<$B$2,ROW('EOD - SEPTEMBER 3, 2026'!$D$2:$D$10010)-ROW('EOD - SEPTEMBER 3, 2026'!$D$2)+1),32)),"")} -> 1400 | C36: =IF(B36="","",IF(B36<1000,"🔴 Critical",IF(B36<2000,"🟠 Very Low","🟡 Low"))) -> 🟠 Very Low
A37: {=IFERROR(INDEX('EOD - SEPTEMBER 3, 2026'!$B$2:$B$10010,SMALL(IF('EOD - SEPTEMBER 3, 2026'!$D$2:$D$10010<$B$2,ROW('EOD - SEPTEMBER 3, 2026'!$D$2:$D$10010)-ROW('EOD - SEPTEMBER 3, 2026'!$D$2)+1),33)),"")} -> DDN-1758 | B37: {=IFERROR(INDEX('EOD - SEPTEMBER 3, 2026'!$D$2:$D$10010,SMALL(IF('EOD - SEPTEMBER 3, 2026'!$D$2:$D$10010<$B$2,ROW('EOD - SEPTEMBER 3, 2026'!$D$2:$D$10010)-ROW('EOD - SEPTEMBER 3, 2026'!$D$2)+1),33)),"")} -> 1640 | C37: =IF(B37="","",IF(B37<1000,"🔴 Critical",IF(B37<2000,"🟠 Very Low","🟡 Low"))) -> 🟠 Very Low
A38: {=IFERROR(INDEX('EOD - SEPTEMBER 3, 2026'!$B$2:$B$10010,SMALL(IF('EOD - SEPTEMBER 3, 2026'!$D$2:$D$10010<$B$2,ROW('EOD - SEPTEMBER 3, 2026'!$D$2:$D$10010)-ROW('EOD - SEPTEMBER 3, 2026'!$D$2)+1),34)),"")} -> DDN-1780 | B38: {=IFERROR(INDEX('EOD - SEPTEMBER 3, 2026'!$D$2:$D$10010,SMALL(IF('EOD - SEPTEMBER 3, 2026'!$D$2:$D$10010<$B$2,ROW('EOD - SEPTEMBER 3, 2026'!$D$2:$D$10010)-ROW('EOD - SEPTEMBER 3, 2026'!$D$2)+1),34)),"")} -> 2860 | C38: =IF(B38="","",IF(B38<1000,"🔴 Critical",IF(B38<2000,"🟠 Very Low","🟡 Low"))) -> 🟡 Low
A39: {=IFERROR(INDEX('EOD - SEPTEMBER 3, 2026'!$B$2:$B$10010,SMALL(IF('EOD - SEPTEMBER 3, 2026'!$D$2:$D$10010<$B$2,ROW('EOD - SEPTEMBER 3, 2026'!$D$2:$D$10010)-ROW('EOD - SEPTEMBER 3, 2026'!$D$2)+1),35)),"")} -> DDN-1300 | B39: {=IFERROR(INDEX('EOD - SEPTEMBER 3, 2026'!$D$2:$D$10010,SMALL(IF('EOD - SEPTEMBER 3, 2026'!$D$2:$D$10010<$B$2,ROW('EOD - SEPTEMBER 3, 2026'!$D$2:$D$10010)-ROW('EOD - SEPTEMBER 3, 2026'!$D$2)+1),35)),"")} -> 2462 | C39: =IF(B39="","",IF(B39<1000,"🔴 Critical",IF(B39<2000,"🟠 Very Low","🟡 Low"))) -> 🟡 Low
A40: {=IFERROR(INDEX('EOD - SEPTEMBER 3, 2026'!$B$2:$B$10010,SMALL(IF('EOD - SEPTEMBER 3, 2026'!$D$2:$D$10010<$B$2,ROW('EOD - SEPTEMBER 3, 2026'!$D$2:$D$10010)-ROW('EOD - SEPTEMBER 3, 2026'!$D$2)+1),36)),"")} -> DDN-1752 | B40: {=IFERROR(INDEX('EOD - SEPTEMBER 3, 2026'!$D$2:$D$10010,SMALL(IF('EOD - SEPTEMBER 3, 2026'!$D$2:$D$10010<$B$2,ROW('EOD - SEPTEMBER 3, 2026'!$D$2:$D$10010)-ROW('EOD - SEPTEMBER 3, 2026'!$D$2)+1),36)),"")} -> 2460 | C40: =IF(B40="","",IF(B40<1000,"🔴 Critical",IF(B40<2000,"🟠 Very Low","🟡 Low"))) -> 🟡 Low
A41: =IFERROR(INDEX('EOD - SEPTEMBER 3, 2026'!$B$2:$B$10010,SMALL(IF('EOD - SEPTEMBER 3, 2026'!$D$2:$D$10010<$B$2,ROW('EOD - SEPTEMBER 3, 2026'!$D$2:$D$10010)-ROW('EOD - SEPTEMBER 3, 2026'!$D$2)+1),37)),"") | B41: =IFERROR(INDEX('EOD - SEPTEMBER 3, 2026'!$D$2:$D$10010,SMALL(IF('EOD - SEPTEMBER 3, 2026'!$D$2:$D$10010<$B$2,ROW('EOD - SEPTEMBER 3, 2026'!$D$2:$D$10010)-ROW('EOD - SEPTEMBER 3, 2026'!$D$2)+1),37)),"") | C41: =IF(B41="","",IF(B41<1000,"🔴 Critical",IF(B41<2000,"🟠 Very Low","🟡 Low")))
A42: =IFERROR(INDEX('EOD - SEPTEMBER 3, 2026'!$B$2:$B$10010,SMALL(IF('EOD - SEPTEMBER 3, 2026'!$D$2:$D$10010<$B$2,ROW('EOD - SEPTEMBER 3, 2026'!$D$2:$D$10010)-ROW('EOD - SEPTEMBER 3, 2026'!$D$2)+1),38)),"") | B42: =IFERROR(INDEX('EOD - SEPTEMBER 3, 2026'!$D$2:$D$10010,SMALL(IF('EOD - SEPTEMBER 3, 2026'!$D$2:$D$10010<$B$2,ROW('EOD - SEPTEMBER 3, 2026'!$D$2:$D$10010)-ROW('EOD - SEPTEMBER 3, 2026'!$D$2)+1),38)),"") | C42: =IF(B42="","",IF(B42<1000,"🔴 Critical",IF(B42<2000,"🟠 Very Low","🟡 Low")))
A43: =IFERROR(INDEX('EOD - SEPTEMBER 3, 2026'!$B$2:$B$10010,SMALL(IF('EOD - SEPTEMBER 3, 2026'!$D$2:$D$10010<$B$2,ROW('EOD - SEPTEMBER 3, 2026'!$D$2:$D$10010)-ROW('EOD - SEPTEMBER 3, 2026'!$D$2)+1),39)),"") | B43: =IFERROR(INDEX('EOD - SEPTEMBER 3, 2026'!$D$2:$D$10010,SMALL(IF('EOD - SEPTEMBER 3, 2026'!$D$2:$D$10010<$B$2,ROW('EOD - SEPTEMBER 3, 2026'!$D$2:$D$10010)-ROW('EOD - SEPTEMBER 3, 2026'!$D$2)+1),39)),"") | C43: =IF(B43="","",IF(B43<1000,"🔴 Critical",IF(B43<2000,"🟠 Very Low","🟡 Low")))
A44: =IFERROR(INDEX('EOD - SEPTEMBER 3, 2026'!$B$2:$B$10010,SMALL(IF('EOD - SEPTEMBER 3, 2026'!$D$2:$D$10010<$B$2,ROW('EOD - SEPTEMBER 3, 2026'!$D$2:$D$10010)-ROW('EOD - SEPTEMBER 3, 2026'!$D$2)+1),40)),"") | B44: =IFERROR(INDEX('EOD - SEPTEMBER 3, 2026'!$D$2:$D$10010,SMALL(IF('EOD - SEPTEMBER 3, 2026'!$D$2:$D$10010<$B$2,ROW('EOD - SEPTEMBER 3, 2026'!$D$2:$D$10010)-ROW('EOD - SEPTEMBER 3, 2026'!$D$2)+1),40)),"") | C44: =IF(B44="","",IF(B44<1000,"🔴 Critical",IF(B44<2000,"🟠 Very Low","🟡 Low")))
A45: =IFERROR(INDEX('EOD - SEPTEMBER 3, 2026'!$B$2:$B$10010,SMALL(IF('EOD - SEPTEMBER 3, 2026'!$D$2:$D$10010<$B$2,ROW('EOD - SEPTEMBER 3, 2026'!$D$2:$D$10010)-ROW('EOD - SEPTEMBER 3, 2026'!$D$2)+1),41)),"") | B45: =IFERROR(INDEX('EOD - SEPTEMBER 3, 2026'!$D$2:$D$10010,SMALL(IF('EOD - SEPTEMBER 3, 2026'!$D$2:$D$10010<$B$2,ROW('EOD - SEPTEMBER 3, 2026'!$D$2:$D$10010)-ROW('EOD - SEPTEMBER 3, 2026'!$D$2)+1),41)),"") | C45: =IF(B45="","",IF(B45<1000,"🔴 Critical",IF(B45<2000,"🟠 Very Low","🟡 Low")))
A46: =IFERROR(INDEX('EOD - SEPTEMBER 3, 2026'!$B$2:$B$10010,SMALL(IF('EOD - SEPTEMBER 3, 2026'!$D$2:$D$10010<$B$2,ROW('EOD - SEPTEMBER 3, 2026'!$D$2:$D$10010)-ROW('EOD - SEPTEMBER 3, 2026'!$D$2)+1),42)),"") | B46: =IFERROR(INDEX('EOD - SEPTEMBER 3, 2026'!$D$2:$D$10010,SMALL(IF('EOD - SEPTEMBER 3, 2026'!$D$2:$D$10010<$B$2,ROW('EOD - SEPTEMBER 3, 2026'!$D$2:$D$10010)-ROW('EOD - SEPTEMBER 3, 2026'!$D$2)+1),42)),"") | C46: =IF(B46="","",IF(B46<1000,"🔴 Critical",IF(B46<2000,"🟠 Very Low","🟡 Low")))
A47: Total Low Sales Outlets: | B47: =COUNTIF('EOD - SEPTEMBER 3, 2026'!$D$2:$D$10010,"<"&$B$2) -> 36
A48: Total Gross (Low Sales): | B48: =SUMIF('EOD - SEPTEMBER 3, 2026'!$D$2:$D$10010,"<"&$B$2,'EOD - SEPTEMBER 3, 2026'!$D$2:$D$10010) -> 76203
